Start Date,End Date,Response Type,IP Address,Progress,Duration (in seconds),Finished,Recorded Date,Response ID,Recipient Last Name,Recipient First Name,Recipient Email,External Data Reference,Location Latitude,Location Longitude,Distribution Channel,User Language,"Welcome! I appreciate your time to participate in this research. The purpose of this survey is to gather information and opinions on AI-powered Voice Assistants (VAs), which will be used to better understand existing trends, attitudes, and behaviors. The recordings were generated using ChatGPT through a custom Amazon Alexa. 

Your responses will be kept strictly confidential, and feel free to opt out at anytime. The survey should take approximately 5 minutes to complete, and you will need to listen to some audio recordings. Attention checks will be present, please pay attention to the recordings. Do you agree to participate in this survey?",Please enter your Prolific ID.,"Throughout the survey, please listen carefully to the recordings as you will be asked questions regarding them at the end of the survey. Listen to this recording and correctly choose what she said from the following options.","You then ask the Alexa, ""What animals does the zoo have?"" This is how it responds. Then, choose a follow up question of your choice.",Alexa then responds. Listen to the response and choose a follow up question of your choice.,"Alexa then responds:
  




 
What did Alexa say?","Alexa then responds:





 
What did Alexa say?",Alexa then responds. Listen to the response and choose a follow up question of your choice.,"Alexa then responds:








What did Alexa say?","Alexa then responds:


 


 
What did Alexa say?",Alexa then responds. Listen to the response and choose a follow up question of your choice.,"Alexa then responds:


 


 
What did Alexa say?","Alexa then responds:


 


 
What did Alexa say?","You then ask the Alexa, ""What animals does the zoo have?"" This is how it responds. Then, choose a follow up question of your choice.",Alexa then responds. Listen to the response and choose a follow up question of your choice.,"Alexa then responds:






   

What did Alexa say?","Alexa then responds:








What did Alexa say?",Alexa then responds. Listen to the response and choose a follow up question of your choice.,"Alexa then responds:






 

What did Alexa say?","Alexa then responds:


 



What did Alexa say?",Alexa then responds. Listen to the response and choose a follow up question of your choice.,"Alexa then responds:


 

 
What did Alexa say?","Alexa then responds:


 


 
What did Alexa say?","You then ask the Alexa, ""What animals does the zoo have?"" This is how it responds. Then, choose a follow up question of your choice.",Alexa then responds. Listen to the response and choose a follow up question of your choice.,"Alexa then responds:







What did Alexa say?","Alexa then responds:








What did Alexa say?",Alexa then responds. Listen to the response and choose a follow up question of your choice.,"Alexa then responds:








What did Alexa say?","Alexa then responds:


 





What did Alexa say?",Alexa then responds. Listen to the response and choose a follow up question of your choice.,"Alexa then responds:


 

 
What did Alexa say?","Alexa then responds:


 


 
What did Alexa say?","You then ask the Alexa, ""What animals does the zoo have?"" This is how it responds. Then, choose a follow up question of your choice.",Alexa then responds. Listen to the response and choose a follow up question of your choice.,"Alexa then responds:



 





What did Alexa say?","Alexa then responds:








What did Alexa say?",Alexa then responds. Listen to the response and choose a follow up question of your choice.,"Alexa then responds:








What did Alexa say?","Alexa then responds:


 


  

What did Alexa say?",Alexa then responds. Listen to the response and choose a follow up question of your choice.,"Alexa then responds:


 

 
What did Alexa say?","Alexa then responds:


 

 
What did Alexa say?",,Variant,Reference,Accuracy,,"Please indicate your impressions of your interaction with the GPT-powered Alexa below by choosing the appropriate number. ""System"" below refers to the GPT-powered Alexa you interacted with just now. - The system is capable of interpreting situations correctly.","Please indicate your impressions of your interaction with the GPT-powered Alexa below by choosing the appropriate number. ""System"" below refers to the GPT-powered Alexa you interacted with just now. - The system state was always clear to me.","Please indicate your impressions of your interaction with the GPT-powered Alexa below by choosing the appropriate number. ""System"" below refers to the GPT-powered Alexa you interacted with just now. - I already know similar systems.","Please indicate your impressions of your interaction with the GPT-powered Alexa below by choosing the appropriate number. ""System"" below refers to the GPT-powered Alexa you interacted with just now. - The developers are trustworthy.","Please indicate your impressions of your interaction with the GPT-powered Alexa below by choosing the appropriate number. ""System"" below refers to the GPT-powered Alexa you interacted with just now. - One should be careful with unfamiliar automated systems.","Please indicate your impressions of your interaction with the GPT-powered Alexa below by choosing the appropriate number. ""System"" below refers to the GPT-powered Alexa you interacted with just now. - The system works reliably.","Please indicate your impressions of your interaction with the GPT-powered Alexa below by choosing the appropriate number. ""System"" below refers to the GPT-powered Alexa you interacted with just now. - The system reacts unpredictably.","Please indicate your impressions of your interaction with the GPT-powered Alexa below by choosing the appropriate number. ""System"" below refers to the GPT-powered Alexa you interacted with just now. - The developers take my well-being seriously.","Please indicate your impressions of your interaction with the GPT-powered Alexa below by choosing the appropriate number. ""System"" below refers to the GPT-powered Alexa you interacted with just now. - I trust the system.","Please indicate your impressions of your interaction with the GPT-powered Alexa below by choosing the appropriate number. ""System"" below refers to the GPT-powered Alexa you interacted with just now. - A system malfunction is likely.","Please indicate your impressions of your interaction with the GPT-powered Alexa below by choosing the appropriate number. ""System"" below refers to the GPT-powered Alexa you interacted with just now. - I was able to understand why things happened.","Please indicate your impressions of your interaction with the GPT-powered Alexa below by choosing the appropriate number. ""System"" below refers to the GPT-powered Alexa you interacted with just now. - I rather trust a system than mistrust it.","Please indicate your impressions of your interaction with the GPT-powered Alexa below by choosing the appropriate number. ""System"" below refers to the GPT-powered Alexa you interacted with just now. - The system is capable of taking over complicated tasks.","Please indicate your impressions of your interaction with the GPT-powered Alexa below by choosing the appropriate number. ""System"" below refers to the GPT-powered Alexa you interacted with just now. - I can rely on the system.","Please indicate your impressions of your interaction with the GPT-powered Alexa below by choosing the appropriate number. ""System"" below refers to the GPT-powered Alexa you interacted with just now. - The system might make sporadic (unpredictable) errors.","Please indicate your impressions of your interaction with the GPT-powered Alexa below by choosing the appropriate number. ""System"" below refers to the GPT-powered Alexa you interacted with just now. - It is difficult to identify what the system will do next.","Please indicate your impressions of your interaction with the GPT-powered Alexa below by choosing the appropriate number. ""System"" below refers to the GPT-powered Alexa you interacted with just now. - I have already used similar systems.","Please indicate your impressions of your interaction with the GPT-powered Alexa below by choosing the appropriate number. ""System"" below refers to the GPT-powered Alexa you interacted with just now. - AI Voice Assistant systems generally work well.","Please indicate your impressions of your interaction with the GPT-powered Alexa below by choosing the appropriate number. ""System"" below refers to the GPT-powered Alexa you interacted with just now. - I am confident about the system's capabilities.",,Reliability,Understanding,Familiarity,Intentions,Propensity,Trust,,Gender,Age,What is the highest level of education you have completed/are currently in?,Which languages do you use daily? - Selected Choice,Which languages do you use daily? - Other - Text,How familiar are you with the ZSL London Zoo?,How familiar are you with animals?,"Do you own any voice assistant devices at home? (e.g. Amazon Echo, Apple HomePod, Google Nest Hub)","Do you use any voice assistants? (including the ones on your phone, e.g. Siri, Alexa, Google Assistant, Cortana)",How often do you use a voice assistant?,What language do you set your voice assistant to? - Selected Choice,What language do you set your voice assistant to? - Other - Text,Do you have any history of using an Amazon Alexa?,"Also, we would love to hear any feedback, comments, or questions on the survey! Also please note that the recordings may have been generated with special prompts. They are not typical ChatGPT responses and may be inaccurate. Please find the Prolific completion link on the next page."
19/05/2023 10:29,19/05/2023 10:36,0,194.80.233.28,100,379,1,19/05/2023 10:36,R_1NnckUzQ7PlZylf,,,,,53.7945,-1.5524,anonymous,EN,4,5eb87ce9ea17ff7bd690817b,5,,,,,,,,,,,4,2,,4,,,,,,,,,,,,,,,,,,,,,,,,,,,,2,A2,B1,,2,3,5,1,1,4,4,1,1,5,4,1,2,1,5,2,5,2,2,,3.333333333,3.25,5,1,1.333333333,1,,1,21,4,1,,4,2,2,1,3,1,,2,
19/05/2023 10:40,19/05/2023 10:42,0,86.24.82.91,100,121,1,19/05/2023 10:42,R_1jeNtET4lIBE2tY,,,,,51.4036,-0.7618,anonymous,EN,4,61266b1e4236cee5eb5e3d67,5,,,,,,,,,,,5,,,,2,,4,,,,,,,,,,,,,,,,,,,,,,,,,2,A2,B1,,5,3,2,1,1,4,4,3,2,4,2,2,4,4,2,3,1,3,5,,4,3,1.5,2,2,3,,2,22,4,1,,2,2,3,1,3,1,,4,
19/05/2023 10:42,19/05/2023 10:47,0,2.126.2.113,100,348,1,19/05/2023 10:47,R_2QEeAazfo216sxO,,,,,53.5495,-2.7659,anonymous,EN,4,5d55508552d767001a905f9e,5,,,,,,,,,,,,,,,,,,,,,4,1,7,,,,,,,,,,,,,,,,,,,3,A1,B2,,2,2,4,2,2,2,2,2,2,4,3,2,2,2,4,2,4,3,2,,2.666666667,2.25,4,2,2.333333333,2,,2,36,4,1,,3,2,3,1,3,1,,4,
19/05/2023 10:48,19/05/2023 10:57,0,88.109.111.115,100,529,1,19/05/2023 10:57,R_3fvGn4OWiODMBO1,,,,,54.9735,-1.5673,anonymous,EN,4,5f2eab892858dd237002f352,5,,,,,,,,,,,,,,,,,,,,,4,2,,4,,,,,,,,,,,,,,,,,,3,A1,B2,,4,4,5,3,2,4,4,3,3,3,4,4,2,4,2,4,5,4,4,,3.166666667,4,5,3,3.333333333,3.5,,2,39,4,1,,3,1,2,1,2,1,,1,
19/05/2023 10:53,19/05/2023 10:57,0,79.69.46.112,98,231,0,19/05/2023 12:08,R_8qfCYIwV7EhMMwN,,,,,,,anonymous,EN,4,616f27ce8bb1f7eab623e084,5,,,,,,,,,,,,,,,,,,,,,,,,,,,,,,,5,,,,1,4,,,,,,4,A2,B2,,2,3,4,3,1,3,3,3,2,4,4,3,3,3,3,2,4,3,4,,3.166666667,3,4,3,2.333333333,2.5,,2,31,3,1,,2,2,3,2,,,,2,
19/05/2023 10:50,19/05/2023 10:53,0,77.99.98.140,98,222,0,19/05/2023 12:08,R_8tXlBA8nNULemg9,,,,,,,anonymous,EN,4,6447a638c08e426097ef72b2,5,,,,,,,,,,,,,,,,,,,,,4,2,,4,,,,,,,,,,,,,,,,,,3,A1,B2,,4,4,2,3,2,4,4,3,4,2,4,4,3,4,2,2,3,4,4,,3.166666667,3.5,2.5,3,3.333333333,4,,2,36,4,1,,4,2,2,1,2,1,,2,
19/05/2023 10:48,19/05/2023 10:52,0,38.242.169.222,98,246,0,19/05/2023 12:08,R_1MWGzV6V7fqj1z3,,,,,,,anonymous,EN,4,5f1c4e023edc814bd8ef5a4b,5,,,,,,,,,,,4,2,,4,,,,,,,,,,,,,,,,,,,,,,,,,,,,2,A2,B1,,4,3,4,3,1,3,3,3,4,2,4,3,3,4,2,3,4,4,4,,3,3.25,4,3,2.666666667,4,,1,49,3,1,,2,2,3,2,,,,4,
19/05/2023 10:44,19/05/2023 10:49,0,90.194.145.24,98,336,0,19/05/2023 12:08,R_YVR1BkyvYxv5wEF,,,,,,,anonymous,EN,4,58c1d8a98ec85c0001e3e8a6,5,5,,,,2,,4,,,,,,,,,,,,,,,,,,,,,,,,,,,,,,,,,,,1,A1,B1,,3,4,4,3,3,4,4,3,4,2,5,4,4,4,2,3,4,5,4,,3.166666667,4,4,3,4,4,,2,45,3,1,,2,2,2,1,2,1,,1,I think this survey was great! I hope to get more like this in the future! 
19/05/2023 10:51,19/05/2023 10:54,0,81.151.81.130,98,205,0,19/05/2023 12:08,R_1mmcApOvRWeHZnp,,,,,,,anonymous,EN,4,5ea95dff588bb604aa41b54c,5,6,,,,,,,2,,4,,,,,,,,,,,,,,,,,,,,,,,,,,,,,,,,1,A1,B1,,4,4,4,5,1,4,5,5,4,2,5,4,5,4,2,4,5,4,4,,3.5,4.5,4.5,5,3,4,,1,21,4,1,,2,1,2,1,3,1,,4,It will be interesting to see how AI integrates into smart assistants like Alexa and Google. Other than that I have nothing else to add on this survey
19/05/2023 10:39,19/05/2023 10:42,0,79.68.171.174,98,203,0,19/05/2023 12:08,R_SHuSsnHHUOgtZpD,,,,,,,anonymous,EN,4,6079823b017e11e76ab937ca,5,,,,,,,,,,,,,,,,,,,,,,,,,,,,,,,4,2,,4,,,,,,,,4,A2,B2,,4,3,4,3,1,4,3,3,3,3,4,4,4,3,3,2,4,4,4,,3.666666667,3,4,3,3,3,,2,24,4,1,,2,1,3,1,3,1,,4,
22/05/2023 05:18,22/05/2023 05:22,0,82.11.76.162,100,233,1,22/05/2023 05:22,R_24dBLDytPovXUaZ,,,,,53.4604,-3.0176,anonymous,EN,4,5f13fa31696881329aea2f14,5,4,2,,4,,,,,,,,,,,,,,,,,,,,,,,,,,,,,,,,,,,,,,1,A1,B1,,4,4,3,3,4,5,4,3,5,1,5,2,2,4,2,4,4,4,5,,3.166666667,4.25,3.5,3,3.333333333,4.5,,2,36,3,1,,3,1,2,1,1,1,,1,
22/05/2023 05:22,22/05/2023 05:25,0,84.66.38.5,100,212,1,22/05/2023 05:25,R_SVtVz1Tsw4NyKdz,,,,,51.3188,-2.2034,anonymous,EN,4,5d250700f54f9f001c18778d,5,4,2,,4,,,,,,,,,,,,,,,,,,,,,,,,,,,,,,,,,,,,,,1,A1,B1,,5,4,5,3,2,4,4,3,3,3,4,3,2,3,3,4,6,5,4,,3.5,4,5.5,3,3.333333333,3,,2,41,4,1,,2,2,1,1,2,1,,2,n/a
22/05/2023 05:20,22/05/2023 05:26,0,79.68.127.206,100,339,1,22/05/2023 05:26,R_3Gw7ZA54oulRfie,,,,,53.5553,-0.1191,anonymous,EN,4,640cc4eb94665b29f3f5faea,5,,,,,,,,,,,5,,,,1,4,,,,,,,,,,,,,,,,,,,,,,,,,,2,A2,B1,,4,5,3,4,3,4,5,3,5,1,5,4,5,4,2,4,4,4,5,,3.5,4.75,3.5,3.5,3.666666667,4.5,,2,59,4,1,,3,2,2,1,2,1,,1,
22/05/2023 05:25,22/05/2023 05:28,0,82.132.244.122,100,162,1,22/05/2023 05:28,R_1I3LNFGnOPfJqu4,,,,,52.9453,-1.4953,anonymous,EN,4,62fbcf5e491faae4a5f24905,5,,,,,,,,,,,,,,,,,,,,,,,,,,,,,,,4,2,,4,,,,,,,,4,A2,B2,,5,5,5,4,2,5,4,4,4,2,3,5,4,4,2,4,5,5,5,,3.833333333,4,5,4,4,4,,1,40,5,1,,2,1,1,1,1,1,,1,
22/05/2023 05:22,22/05/2023 05:28,0,82.34.96.84,100,363,1,22/05/2023 05:28,R_5gUXu9GOafD8zSh,,,,,52.5778,-2.0961,anonymous,EN,4,616d97114eff93a1ea6332df,5,5,,,,2,,4,,,,,,,,,,,,,,,,,,,,,,,,,,,,,,,,,,,1,A1,B1,,4,4,2,4,3,4,4,3,2,4,4,2,3,4,2,4,2,3,3,,3.333333333,4,2,3.5,2.666666667,3,,2,55,5,1,,3,1,3,1,3,10,Australian,4,
22/05/2023 05:26,22/05/2023 05:29,0,86.165.63.195,100,204,1,22/05/2023 05:29,R_3MQDXu3aoDMPtAZ,,,,,50.11,-5.2808,anonymous,EN,4,5cfa4ad5cc30ef0001b1ec79,5,,,,,,,,,,,,,,,,,,,,,,,,,,,,,,,4,2,,4,,,,,,,,4,A2,B2,,4,5,5,4,1,5,4,4,5,1,5,4,3,4,2,4,5,5,5,,3.333333333,4.5,5,4,3.333333333,4.5,,2,62,4,1,,3,2,1,1,1,1,,1,
22/05/2023 05:27,22/05/2023 05:30,0,88.106.82.146,100,180,1,22/05/2023 05:30,R_2DYNPS7wRRTEEkB,,,,,51.8613,-0.4656,anonymous,EN,4,5c7bb4095dcdda001427a670,5,,,,,,,,,,,,,,,,,,,,,,,,,,,,,,,4,2,,4,,,,,,,,4,A2,B2,,4,4,4,4,0,4,4,3,4,2,5,3,3,4,2,1,4,4,3,,3,3.5,4,3.5,2.333333333,4,,2,26,4,1,,1,1,3,1,4,1,,2,
22/05/2023 05:26,22/05/2023 05:31,0,82.46.60.27,100,264,1,22/05/2023 05:31,R_3MMW7PmC85tHEss,,,,,51.4771,-2.5531,anonymous,EN,4,6000546f918aa208e124b66a,5,4,2,,4,,,,,,,,,,,,,,,,,,,,,,,,,,,,,,,,,,,,,,1,A1,B1,,3,4,5,3,2,3,3,3,3,3,4,4,4,2,4,4,5,4,4,,3.5,3.75,5,3,3.333333333,2.5,,2,33,4,1,,3,2,1,1,1,1,,2,
22/05/2023 05:27,22/05/2023 05:32,0,143.159.173.113,100,304,1,22/05/2023 05:32,R_DUASQVLK1w3Egtb,,,,,55.1695,-1.5845,anonymous,EN,4,615f09d51152027754156b2b,5,,,,,,,,,,,5,,,,1,4,,,,,,,,,,,,,,,,,,,,,,,,,,2,A2,B1,,5,5,4,4,2,3,4,4,4,2,5,4,2,4,2,4,4,4,4,,3,4.5,4,4,3.333333333,4,,1,53,4,1,,3,1,1,1,2,1,,4,Good luck with the survey
22/05/2023 05:29,22/05/2023 05:33,0,176.248.232.33,100,228,1,22/05/2023 05:33,R_3FWEkF4pEXTayk7,,,,,50.7519,-1.8706,anonymous,EN,4,5ee8707482a6e41683c499fc,5,,,,,,,,,,,4,1,4,,,,,,,,,,,,,,,,,,,,,,,,,,,,,2,A2,B1,,5,5,5,3,1,5,4,5,4,2,5,4,5,4,2,4,5,5,5,,4,4.5,5,4,3.333333333,4,,1,43,4,1,,2,1,3,1,3,1,,1,
22/05/2023 05:31,22/05/2023 05:34,0,86.162.62.195,100,131,1,22/05/2023 05:34,R_1Hk2h3sxZgzwP3w,,,,,52.1951,-1.1321,anonymous,EN,4,628bef28fbe03c493fe63f57,5,,,,,,,,,,,,,,,,,,,,,4,2,,4,,,,,,,,,,,,,,,,,,3,A1,B2,,4,4,3,3,1,4,3,4,3,3,4,3,4,4,2,3,3,4,3,,3.333333333,3.5,3,3.5,2.666666667,3.5,,1,31,4,1,,3,2,3,1,3,1,,2,
22/05/2023 05:32,22/05/2023 05:35,0,82.7.241.170,100,207,1,22/05/2023 05:35,R_cZyjPOxikEAvXON,,,,,53.7263,-1.7065,anonymous,EN,4,5ff1afb39f4b9e617a5ff07e,5,,,,,,,,,,,,,,,,,,,,,,,,,,,,,,,5,,,,1,4,,,,,,4,A2,B2,,4,3,3,4,1,4,3,4,2,4,4,4,3,2,4,2,3,2,3,,3.666666667,3,3,4,2.333333333,2,,1,34,4,1,,3,3,3,2,,,,4,
22/05/2023 05:31,22/05/2023 05:35,0,51.194.16.61,100,230,1,22/05/2023 05:35,R_2WvQLBDFrs5ir2l,,,,,52.2888,-0.7274,anonymous,EN,4,64135c5a905f8773d88e1938,5,5,,,,2,,4,,,,,,,,,,,,,,,,,,,,,,,,,,,,,,,,,,,1,A1,B1,,4,5,4,4,3,4,4,3,4,2,5,5,4,4,2,3,4,4,4,,3.333333333,4.25,4,3.5,4,4,,1,39,4,1,,2,2,1,1,2,1,,1,
22/05/2023 05:33,22/05/2023 05:35,0,84.69.56.30,100,167,1,22/05/2023 05:35,R_sAORrDFUPl70pvb,,,,,51.4484,-1.0097,anonymous,EN,4,6173d699b67b70872e0aa650,5,,,,,,,,,,,,,,,,,,,,,,,,,,,,,,,6,,,,,,,1,4,,,4,A2,B2,,2,5,5,4,3,4,4,2,2,4,5,2,1,4,2,4,6,4,4,,2.833333333,4.5,5.5,3,3,3,,2,27,3,1,,3,1,2,1,1,1,,1,
22/05/2023 05:33,22/05/2023 05:36,0,2.126.99.205,100,158,1,22/05/2023 05:36,R_2ZIZbhnCTrbHdMQ,,,,,53.7591,-1.5897,anonymous,EN,4,607047e8bf8855d7e3112b91,5,,,,,,,,,,,,,,,,,,,,,,,,,,,,,,,5,,,,1,4,,,,,,4,A2,B2,,4,4,4,4,1,3,4,2,3,3,4,4,4,3,3,2,4,4,4,,3.5,3.5,4,3,3,3,,2,32,4,1,,3,2,2,1,2,1,,2,
22/05/2023 05:33,22/05/2023 05:36,0,109.149.15.196,100,200,1,22/05/2023 05:36,R_2tsdQ4XiO7hDhyq,,,,,55.9868,-2.5304,anonymous,EN,4,5c5243d45acab700012608c7,5,6,,,,,,,1,4,,,,,,,,,,,,,,,,,,,,,,,,,,,,,,,,,1,A1,B1,,4,4,4,4,2,4,3,2,4,2,5,5,2,4,2,4,4,4,4,,3,4,4,3,3.666666667,4,,2,43,4,1,,3,2,1,1,1,1,,1,
22/05/2023 05:34,22/05/2023 05:37,0,80.192.36.7,100,170,1,22/05/2023 05:37,R_3smHHeef5eLo8Oq,,,,,51.2539,0.5327,anonymous,EN,4,63ed3a6f78ef6e5956362003,5,4,2,,4,,,,,,,,,,,,,,,,,,,,,,,,,,,,,,,,,,,,,,1,A1,B1,,4,4,5,3,3,4,4,3,4,2,4,3,4,4,2,4,5,2,4,,3.333333333,4,5,3,2.666666667,4,,2,19,3,1,,2,2,1,1,1,1,,2,
22/05/2023 05:31,22/05/2023 05:38,0,86.8.45.89,100,428,1,22/05/2023 05:38,R_Z30F68mwdtZHMaZ,,,,,52.6019,-1.1076,anonymous,EN,4,615a0198a1a2d449a781b8a5,5,,,,,,,,,,,4,1,4,,,,,,,,,,,,,,,,,,,,,,,,,,,,,2,A2,B1,,4,5,5,5,4,5,4,5,5,1,4,5,5,5,1,4,5,5,5,,3.5,4.25,5,5,4.666666667,5,,2,49,4,1,,3,1,1,1,2,1,,1,
22/05/2023 05:36,22/05/2023 05:39,0,82.132.186.62,100,160,1,22/05/2023 05:39,R_2e3bGMJIFj4TXgN,,,,,53.7458,-1.3761,anonymous,EN,4,5951358109a2890001b507fc,5,,,,,,,,,,,5,,,,1,4,,,,,,,,,,,,,,,,,,,,,,,,,,2,A2,B1,,4,4,5,4,2,4,2,4,4,2,5,4,2,4,2,2,4,4,4,,3,3.25,4.5,4,3.333333333,4,,2,31,3,1,,3,1,1,1,1,1,,2,
22/05/2023 05:37,22/05/2023 05:40,0,91.84.214.19,100,185,1,22/05/2023 05:40,R_21gH64am3IoFBkK,,,,,52.7377,-1.2025,anonymous,EN,4,5ff43deb0d786d5da07f13a4,5,,,,,,,,,,,,,,,,,,,,,,,,,,,,,,,4,2,,4,,,,,,,,4,A2,B2,,3,4,5,3,1,3,3,3,2,4,4,2,3,3,3,3,5,4,3,,3.166666667,3.5,5,3,2.333333333,2.5,,2,45,3,1,,1,1,1,1,3,1,,2,
22/05/2023 05:37,22/05/2023 05:40,0,213.81.82.58,100,169,1,22/05/2023 05:40,R_0olpTJidG2io3KN,,,,,51.5518,-0.1345,anonymous,EN,4,5ef07bf26ee5495a65cd2116,5,,,,,,,,,,,,,,,,,,,,,4,2,,4,,,,,,,,,,,,,,,,,,3,A1,B2,,4,6,6,3,3,5,4,3,4,2,5,3,4,4,2,3,6,3,4,,3.5,4.5,6,3,3,4,,2,34,4,1,,2,1,3,2,,,,2,
22/05/2023 05:37,22/05/2023 05:40,0,90.251.36.209,100,205,1,22/05/2023 05:40,R_2eUqtPpcfPkC4BV,,,,,51.6189,-1.1153,anonymous,EN,4,60e8c7bf12fedabb5e4136c0,5,4,1,4,,,,,,,,,,,,,,,,,,,,,,,,,,,,,,,,,,,,,,,1,A1,B1,,4,4,4,4,3,4,4,3,4,2,4,4,4,4,2,4,5,4,4,,3.333333333,4,4.5,3.5,3.666666667,4,,1,23,4,"1,7",,3,1,2,1,2,1,,1,
22/05/2023 05:37,22/05/2023 05:41,0,82.2.58.78,100,275,1,22/05/2023 05:41,R_3ilQddPG6bCL0ux,,,,,52.9029,-1.5046,anonymous,EN,4,5d6eb5efa8462f0001b05f6f,5,,,,,,,,,,,,,,,,,,,,,4,2,,4,,,,,,,,,,,,,,,,,,3,A1,B2,,5,4,4,3,2,5,4,3,4,2,3,5,3,5,1,3,5,5,5,,3.5,3.5,4.5,3,4,4.5,,2,29,3,1,,3,2,2,1,3,1,,1,
22/05/2023 05:39,22/05/2023 05:42,0,82.28.152.159,100,137,1,22/05/2023 05:42,R_9S7Kj28x9pFO4IF,,,,,51.4566,-0.968,anonymous,EN,4,5c5b66cb3312f1000112f694,5,,,,,,,,,,,,,,,,,,,,,,,,,,,,,,,4,2,,4,,,,,,,,4,A2,B2,,2,3,3,3,2,1,1,2,1,5,3,3,1,1,5,2,1,2,1,,2.5,2.25,2,2.5,2.333333333,1,,1,32,4,1,,1,1,2,1,3,1,,2,
22/05/2023 05:38,22/05/2023 05:42,0,86.184.37.127,100,243,1,22/05/2023 05:42,R_2PpdTt5o6HDybC9,,,,,51.4892,-0.4828,anonymous,EN,4,5e42d31f3c8ba101131b0226,5,,,,,,,,,,,6,,,,,,,2,,4,,,,,,,,,,,,,,,,,,,,,,2,A2,B1,,5,5,1,3,0,5,5,6,4,2,5,3,6,4,2,3,1,4,6,,4.333333333,4.5,1,4.5,2.333333333,4,,1,63,4,1,,3,2,1,1,2,1,,1,
22/05/2023 05:40,22/05/2023 05:42,0,85.255.237.64,100,166,1,22/05/2023 05:42,R_ZKqJt1ororosUwx,,,,,51.4964,-0.1224,anonymous,EN,4,63f7a673985571acc7eeb29a,5,,,,,,,,,,,,,,,,,,,,,,,,,,,,,,,4,1,4,,,,,,,,,4,A2,B2,,2,5,4,4,3,4,2,2,3,3,3,3,2,4,2,4,5,4,4,,2.833333333,3.5,4.5,3,3.333333333,3.5,,2,26,4,1,,2,1,1,1,1,1,,2,
22/05/2023 05:39,22/05/2023 05:43,0,86.178.14.246,100,260,1,22/05/2023 05:43,R_3qTE2iguTwho2ru,,,,,54.5396,-5.975,anonymous,EN,4,5fedc499d92c4a83e5d18e93,5,5,,,,2,,4,,,,,,,,,,,,,,,,,,,,,,,,,,,,,,,,,,,1,A1,B1,,2,5,2,3,1,4,4,1,4,2,4,4,2,4,2,2,1,4,4,,2.666666667,3.75,1.5,2,3,4,,2,59,4,1,,3,1,3,2,,,,4,
22/05/2023 05:40,22/05/2023 05:43,0,86.20.196.98,100,211,1,22/05/2023 05:43,R_3m8IVh7aYQs6wY2,,,,,53.4142,-2.228,anonymous,EN,4,5f04a14e8b6d1e748d0d9337,5,,,,,,,,,,,4,1,4,,,,,,,,,,,,,,,,,,,,,,,,,,,,,2,A2,B1,,4,3,4,4,3,4,4,4,4,2,5,3,3,4,2,3,4,4,4,,3.166666667,3.75,4,4,3.333333333,4,,2,35,4,1,,3,2,2,1,3,1,,2,
22/05/2023 05:38,22/05/2023 05:44,0,86.155.85.75,100,329,1,22/05/2023 05:44,R_1LA8LChJE5l4dV0,,,,,54.9935,-2.1189,anonymous,EN,4,6172f16d5134e5f13a47d614,5,4,2,,4,,,,,,,,,,,,,,,,,,,,,,,,,,,,,,,,,,,,,,1,A1,B1,,5,5,5,4,2,5,5,3,5,1,5,4,2,4,2,4,1,4,5,,3.333333333,4.75,3,3.5,3.333333333,4.5,,2,46,4,1,,3,1,3,1,3,1,,4,
22/05/2023 05:43,22/05/2023 05:47,0,83.100.249.173,100,251,1,22/05/2023 05:47,R_3svveEKtgCmEnU4,,,,,53.7606,-0.3734,anonymous,EN,4,56b98f00769307000d12c021,5,,,,,,,,,,,4,1,4,,,,,,,,,,,,,,,,,,,,,,,,,,,,,2,A2,B1,,3,3,3,3,1,3,4,2,2,4,4,2,4,3,3,2,3,3,3,,3.333333333,3.25,3,2.5,2,2.5,,2,74,5,1,,2,2,1,1,3,1,,2,
22/05/2023 05:42,22/05/2023 05:48,0,213.107.1.226,100,324,1,22/05/2023 05:48,R_2DO0IKfVyJTnTzM,,,,,51.4828,-0.1371,anonymous,EN,4,5ebbc0b64fa5d7198e40eb2b,5,,,,,,,,,,,4,2,,4,,,,,,,,,,,,,,,,,,,,,,,,,,,,2,A2,B1,,5,5,5,5,3,5,4,3,5,1,5,5,2,5,1,4,5,5,5,,3.166666667,4.5,5,4,4.333333333,5,,1,50,4,1,,3,2,1,1,1,1,,1,
22/05/2023 05:35,22/05/2023 05:48,0,94.3.18.71,100,780,1,22/05/2023 05:48,R_2ql7DDxkvIxC3fH,,,,,51.5268,-0.187,anonymous,EN,4,5c78452cac90ae000144bb23,5,,,,,,,,,,,,,,,,,,,,,6,,,,,,,1,4,,,,,,,,,,,,,3,A1,B2,,3,3,3,3,3,3,3,3,3,3,3,3,3,3,3,3,4,3,4,,3.166666667,3,3.5,3,3,3,,2,25,5,1,,2,2,2,2,,,,4,
22/05/2023 05:44,22/05/2023 05:48,0,90.194.226.126,100,208,1,22/05/2023 05:48,R_83dep9IgHvng3DP,,,,,51.451,-0.0463,anonymous,EN,4,60db4782177e41b3ca3a74a9,5,4,1,4,,,,,,,,,,,,,,,,,,,,,,,,,,,,,,,,,,,,,,,1,A1,B1,,4,3,4,3,2,4,4,3,3,3,4,4,3,3,3,3,5,4,4,,3.5,3.5,4.5,3,3.333333333,3,,2,25,4,1,,3,2,2,2,,,,2,
22/05/2023 05:44,22/05/2023 05:48,0,90.215.211.250,100,264,1,22/05/2023 05:48,R_SCuzxHcWqksn0D7,,,,,51.8659,-2.2059,anonymous,EN,4,599306c360937e0001899311,5,4,2,,4,,,,,,,,,,,,,,,,,,,,,,,,,,,,,,,,,,,,,,1,A1,B1,,5,3,2,3,1,5,5,3,5,1,5,5,5,5,1,4,2,5,5,,3.666666667,4.25,2,3,3.666666667,5,,2,45,4,1,,3,2,1,1,1,1,,1,
22/05/2023 05:41,22/05/2023 05:48,0,92.40.187.175,100,445,1,22/05/2023 05:48,R_brODreF5247Atdn,,,,,52.6152,-1.6655,anonymous,EN,4,5fe71dd0efea40508f4a6c1a,5,,,,,,,,,,,,,,,,,,,,,,,,,,,,,,,6,,,,,,,2,,4,,4,A2,B2,,3,3,5,3,1,5,2,2,1,5,3,3,1,1,5,1,5,2,1,,3.333333333,2.25,5,2.5,2,1,,1,55,4,1,,2,2,2,1,2,1,,1,"Not sure why inaccurate responses were chosen for this survey (mammoths, submarines). Entertaining but my experience of AI so far (ChatGPT) has been that its output is more accurate than that portrayed here. "
22/05/2023 05:43,22/05/2023 05:49,0,88.104.231.247,100,337,1,22/05/2023 05:49,R_1jrnR8GbXLhxtzM,,,,,52.6413,1.2197,anonymous,EN,4,5be33cf3da0eef000144ef5b,5,,,,,,,,,,,,,,,,,,,,,,,,,,,,,,,4,1,4,,,,,,,,,4,A2,B2,,3,3,1,6,1,2,3,3,2,4,4,4,3,2,4,1,1,3,4,,3.333333333,2.75,1,4.5,2.666666667,2,,2,44,4,1,,2,1,3,2,,,,4,
22/05/2023 05:43,22/05/2023 05:49,0,31.49.235.253,100,366,1,22/05/2023 05:49,R_6mzgi0jt2GtYk25,,,,,51.5095,-0.0955,anonymous,EN,4,56dc883a8960ed000b88de39,5,,,,,,,,,,,,,,,,,,,,,,,,,,,,,,,4,1,4,,,,,,,,,4,A2,B2,,2,3,3,1,1,2,2,1,1,5,2,1,3,2,4,1,4,4,1,,2.833333333,2,3.5,1,2,1.5,,2,63,4,1,,1,1,2,1,1,1,,1,I am very alarmed at what I'm hearing recently about the potential for AI.
22/05/2023 05:46,22/05/2023 05:51,0,81.109.180.89,100,270,1,22/05/2023 05:51,R_2CeuDJw2JYVqfMp,,,,,51.6552,-0.3879,anonymous,EN,4,5e2425b75ade0b6af558644b,5,4,2,,4,,,,,,,,,,,,,,,,,,,,,,,,,,,,,,,,,,,,,,1,A1,B1,,4,4,4,3,3,4,4,3,3,3,4,3,3,4,2,3,4,4,4,,3.333333333,3.75,4,3,3.333333333,3.5,,2,49,4,"1,8",Greek,2,1,2,1,2,1,,2,Some people like using them others not so much
22/05/2023 05:41,22/05/2023 05:51,0,92.1.65.20,100,574,1,22/05/2023 05:51,R_3lVJLWRkyWg3Oht,,,,,51.1469,0.8773,anonymous,EN,4,6400964e93272c1ef2b86662,5,,,,,,,,,,,4,2,,4,,,,,,,,,,,,,,,,,,,,,,,,,,,,2,A2,B1,,4,4,3,4,2,5,4,4,4,2,5,3,3,5,1,3,3,3,3,,3,4,3,4,2.666666667,4.5,,1,70,4,1,,3,2,2,1,3,1,,4,I'd  like to know ifmy responses were the most common choices.
22/05/2023 05:45,22/05/2023 05:52,0,94.173.226.65,100,435,1,22/05/2023 05:52,R_3kbJ8gDQxKgfKDX,,,,,51.4535,-2.5917,anonymous,EN,4,63ff9c5e3b30b61b93e3c2f7,5,,,,,,,,,,,,,,,,,,,,,4,2,,4,,,,,,,,,,,,,,,,,,3,A1,B2,,4,4,3,3,1,4,4,3,4,2,4,4,4,4,2,3,4,4,4,,3.333333333,3.75,3.5,3,3,4,,2,55,3,1,,4,1,2,2,,,,1,"I do not think the zoo will have mammoths to look at. Also, the recommended visit time was an hour, which seems short."
22/05/2023 05:50,22/05/2023 05:52,0,151.227.64.134,100,171,1,22/05/2023 05:52,R_31pJRFmaDCo33o8,,,,,52.9994,-1.1318,anonymous,EN,4,5e8d804740aaf4000a51d9e9,5,,,,,,,,,,,,,,,,,,,,,4,2,,4,,,,,,,,,,,,,,,,,,3,A1,B2,,5,4,5,4,4,5,4,4,5,1,3,5,5,5,1,4,5,5,5,,3.666666667,3.75,5,4,4.666666667,5,,2,38,4,1,,3,2,2,1,1,1,,1,
22/05/2023 05:50,22/05/2023 05:53,0,138.248.244.167,100,186,1,22/05/2023 05:53,R_1ghHtaotmmy7Xiu,,,,,53.6413,-2.6692,anonymous,EN,4,613a4b3ae271b3294e7e7acc,5,5,,,,2,,4,,,,,,,,,,,,,,,,,,,,,,,,,,,,,,,,,,,1,A1,B1,,4,3,5,3,2,4,5,3,4,2,5,4,3,5,1,4,5,5,5,,3.166666667,4.25,5,3,3.666666667,4.5,,2,34,4,1,,3,2,1,1,3,1,,2,
22/05/2023 05:51,22/05/2023 05:55,0,90.216.251.63,100,187,1,22/05/2023 05:55,R_3sANgPT0lzsoRM0,,,,,53.4174,-2.9112,anonymous,EN,4,631b1437200a529b7f31919d,5,4,1,4,,,,,,,,,,,,,,,,,,,,,,,,,,,,,,,,,,,,,,,1,A1,B1,,4,4,4,4,1,4,3,4,5,1,5,3,1,4,2,4,4,4,4,,2.666666667,4,4,4,2.666666667,4.5,,2,28,5,1,,3,2,3,2,,,,2,
22/05/2023 05:52,22/05/2023 05:55,0,194.66.246.7,100,179,1,22/05/2023 05:55,R_3ensU6zIqyWStju,,,,,53.4155,-3.0057,anonymous,EN,4,60fcc362d006841f4411e1f3,5,,,,,,,,,,,4,1,4,,,,,,,,,,,,,,,,,,,,,,,,,,,,,2,A2,B1,,4,3,4,2,1,3,4,2,2,4,4,1,3,2,4,3,3,3,4,,3.666666667,3.5,3.5,2,1.666666667,2,,2,22,4,"1,8",Welsh,3,2,3,1,3,1,,2,
22/05/2023 05:49,22/05/2023 05:56,0,82.132.216.83,100,386,1,22/05/2023 05:56,R_2SGlxAiHtnP0zQw,,,,,51.4964,-0.1224,anonymous,EN,4,5c97c01445658c0016752431,5,5,,,,2,,4,,,,,,,,,,,,,,,,,,,,,,,,,,,,,,,,,,,1,A1,B1,,5,5,5,3,2,4,5,2,4,2,4,5,2,2,4,1,5,5,5,,3.666666667,3.75,5,2.5,4,3,,2,23,4,1,,2,3,1,1,2,1,,1,
22/05/2023 06:15,22/05/2023 06:19,0,2.24.136.38,100,247,1,22/05/2023 06:19,R_2X0bcDrT6PRO1YC,,,,,53.6562,-1.4326,anonymous,EN,4,5dc7f4daa6eae358b81c34d9,5,,,,,,,,,,,,,,,,,,,,,,,,,,,,,,,4,2,,4,,,,,,,,4,A2,B2,,4,5,5,3,2,4,4,3,3,3,5,4,2,3,3,4,5,4,3,,3.166666667,4.5,5,3,3.333333333,3,,1,51,4,1,,3,2,2,1,3,1,,2,
22/05/2023 06:00,22/05/2023 06:03,0,51.6.41.219,98,199,0,22/05/2023 06:24,R_DAjoaPUAPqugWrL,,,,,,,anonymous,EN,4,63d13bc53226dd1eeb2e7a08,5,,,,,,,,,,,,,,,,,,,,,4,2,,4,,,,,,,,,,,,,,,,,,3,A1,B2,,4,3,4,4,3,4,4,4,4,2,4,5,2,4,2,4,4,4,4,,3,3.75,4,4,4,4,,2,35,5,1,,2,2,2,1,1,1,,1,
22/05/2023 05:54,22/05/2023 05:58,0,90.196.41.150,98,214,0,22/05/2023 06:24,R_0xpZCyowbyRpYeB,,,,,,,anonymous,EN,4,5cd4954662092000171ef666,5,,,,,,,,,,,,,,,,,,,,,4,2,,4,,,,,,,,,,,,,,,,,,3,A1,B2,,5,2,5,5,2,5,4,3,5,1,5,4,2,5,1,4,5,5,5,,3.166666667,3.75,5,4,3.666666667,5,,2,35,4,1,,2,1,1,1,3,1,,4,
22/05/2023 05:56,22/05/2023 05:59,0,151.225.34.14,98,199,0,22/05/2023 06:24,R_2D6V9fISpmRcQCG,,,,,,,anonymous,EN,4,63d141f040c855b7fb494d13,5,,,,,,,,,,,6,,,,,,,2,,4,,,,,,,,,,,,,,,,,,,,,,2,A2,B1,,4,4,2,3,2,3,3,4,4,2,4,5,4,3,3,2,2,4,3,,3.166666667,3.25,2,3.5,3.666666667,3.5,,2,31,3,1,,2,1,3,1,3,1,,4,
22/05/2023 05:54,22/05/2023 05:57,0,2.27.21.75,98,238,0,22/05/2023 06:24,R_29cx2AYS8WWP2MT,,,,,,,anonymous,EN,4,607deec383975f3377a28b9e,5,,,,,,,,,,,,,,,,,,,,,,,,,,,,,,,6,,,,,,,2,,4,,4,A2,B2,,4,5,4,2,2,4,4,2,2,4,4,1,2,4,2,2,4,4,4,,3.333333333,3.75,4,2,2.333333333,3,,2,39,3,1,,2,2,1,1,1,1,,1,
22/05/2023 05:52,22/05/2023 05:56,0,152.71.57.39,98,270,0,22/05/2023 06:24,R_OvvjcF6j6rA6kLv,,,,,,,anonymous,EN,4,6069c3f852b99348e757fb79,5,,,,,,,,,,,,,,,,,,,,,4,2,,4,,,,,,,,,,,,,,,,,,3,A1,B2,,3,5,5,3,4,5,4,3,4,2,4,5,3,4,2,4,4,5,5,,3.333333333,4.25,4.5,3,4.666666667,4,,1,45,5,1,,2,1,1,1,2,1,,2,
22/05/2023 05:51,22/05/2023 05:54,0,87.80.149.84,98,166,0,22/05/2023 06:24,R_3ozOX0JdNRMmrCa,,,,,,,anonymous,EN,4,5d1fb438767ef50001d46912,5,,,,,,,,,,,,,,,,,,,,,,,,,,,,,,,4,1,4,,,,,,,,,4,A2,B2,,4,4,2,3,3,4,3,2,4,2,4,2,3,3,3,3,2,4,4,,3.333333333,3.5,2,2.5,3,3.5,,2,34,5,1,,3,3,3,2,,,,4,
22/05/2023 05:51,22/05/2023 05:54,0,94.4.206.68,98,165,0,22/05/2023 06:24,R_1DA7P9Vr0ICz2SG,,,,,,,anonymous,EN,4,6037bb044df9d7071484ecaa,5,4,2,,4,,,,,,,,,,,,,,,,,,,,,,,,,,,,,,,,,,,,,,1,A1,B1,,5,5,5,4,2,5,4,4,4,2,5,4,3,4,2,5,5,5,4,,3.5,4.75,5,4,3.666666667,4,,2,24,5,1,,3,2,2,1,3,1,,4,
22/05/2023 05:51,22/05/2023 05:54,0,90.204.52.7,98,179,0,22/05/2023 06:24,R_SPpXNCzCKttOsF3,,,,,,,anonymous,EN,4,61f2ac22a09e72f23cbaf578,5,,,,,,,,,,,,,,,,,,,,,,,,,,,,,,,4,2,,4,,,,,,,,4,A2,B2,,3,3,3,3,3,3,4,2,3,3,4,3,3,3,3,3,1,4,3,,3,3.5,2,2.5,3.333333333,3,,2,38,3,1,,3,2,3,2,,,,4,
22/05/2023 05:51,22/05/2023 05:55,0,86.140.12.3,98,269,0,22/05/2023 06:24,R_Z2mUIiIUFn9HUxb,,,,,,,anonymous,EN,4,5ea979685178b007c99e620e,5,,,,,,,,,,,,,,,,,,,,,4,1,7,,,,,,,,,,,,,,,,,,,3,A1,B2,,3,5,4,5,2,4,1,5,3,3,2,4,2,2,4,3,5,5,3,,3.166666667,2.75,4.5,5,3.666666667,2.5,,1,66,3,1,,2,1,3,1,3,1,,1,
22/05/2023 05:51,22/05/2023 05:54,0,82.17.55.152,98,189,0,22/05/2023 06:24,R_3njFEFKhG5q8wtL,,,,,,,anonymous,EN,4,60359a9af6080fff1ee6d8fc,5,,,,,,,,,,,4,2,,4,,,,,,,,,,,,,,,,,,,,,,,,,,,,2,A2,B1,,3,4,4,2,1,4,4,2,2,4,4,2,4,2,4,4,1,2,5,,4,4,2.5,2,1.666666667,2,,2,24,5,1,,3,2,1,1,3,1,,2,
22/05/2023 05:51,22/05/2023 05:54,0,82.132.233.32,98,197,0,22/05/2023 06:24,R_9v2OfaGUlRX4Kn7,,,,,,,anonymous,EN,4,62fb797d5a5ee54f878ccb87,5,,,,,,,,,,,4,2,,4,,,,,,,,,,,,,,,,,,,,,,,,,,,,2,A2,B1,,4,4,5,2,1,4,4,1,1,5,5,4,3,4,2,3,5,3,5,,3.833333333,4,5,1.5,2.666666667,2.5,,1,25,5,1,,2,1,2,2,,,,2,
22/05/2023 05:50,22/05/2023 05:55,0,92.12.198.247,98,261,0,22/05/2023 06:24,R_1NbvnL5qwv75oIh,,,,,,,anonymous,EN,4,61475be4263c1c8db86fecea,5,4,2,,4,,,,,,,,,,,,,,,,,,,,,,,,,,,,,,,,,,,,,,1,A1,B1,,3,4,4,4,3,4,4,3,4,2,4,4,2,4,2,4,4,4,4,,2.833333333,4,4,3.5,3.666666667,4,,2,41,4,1,,3,1,3,1,3,1,,4,
22/05/2023 05:50,22/05/2023 05:57,0,88.97.76.169,98,417,0,22/05/2023 06:24,R_2CUEQ5hTHs0FUR5,,,,,,,anonymous,EN,4,5df1117111d87901da0dbc3c,5,,,,,,,,,,,5,,,,1,4,,,,,,,,,,,,,,,,,,,,,,,,,,2,A2,B1,,4,2,5,3,1,3,4,3,3,3,4,2,4,2,4,2,5,2,3,,3.5,3,5,3,1.666666667,2.5,,2,38,4,1,,2,2,3,2,,,,2,
22/05/2023 05:50,22/05/2023 05:55,0,209.93.20.77,98,280,0,22/05/2023 06:24,R_3HUOyNXrGbmERVj,,,,,,,anonymous,EN,4,566e1aec744e3e0005b4e668,5,,,,,,,,,,,,,,,,,,,,,,,,,,,,,,,4,1,4,,,,,,,,,4,A2,B2,,2,3,3,2,2,2,2,2,2,4,3,3,2,2,4,2,3,3,2,,2.666666667,2.5,3,2,2.666666667,2,,1,42,4,1,,3,2,3,2,,,,4,
22/05/2023 05:50,22/05/2023 05:53,0,151.225.205.63,98,170,0,22/05/2023 06:24,R_1PXK1QLAuNBiaIG,,,,,,,anonymous,EN,4,5c6dd812066f6b0001556ee1,5,,,,,,,,,,,,,,,,,,,,,,,,,,,,,,,4,2,,4,,,,,,,,4,A2,B2,,4,4,4,3,2,4,1,3,4,2,4,4,3,4,2,4,3,4,4,,3.166666667,3.25,3.5,3,3.333333333,4,,2,40,4,1,,3,2,1,1,2,1,,1,
22/05/2023 05:50,22/05/2023 05:53,0,86.29.57.75,98,188,0,22/05/2023 06:24,R_BwVeDD9EFwIG3br,,,,,,,anonymous,EN,4,5b750b11960d2300015fb026,5,,,,,,,,,,,,,,,,,,,,,,,,,,,,,,,4,2,,4,,,,,,,,4,A2,B2,,5,3,5,4,1,5,3,3,4,2,5,2,4,4,2,1,5,5,5,,3.833333333,3,5,3.5,2.666666667,4,,1,42,4,1,,4,2,1,1,2,1,,1,
22/05/2023 05:50,22/05/2023 05:54,0,94.15.103.126,98,229,0,22/05/2023 06:24,R_2YLkPNQelQ47CvE,,,,,,,anonymous,EN,4,5a5875af76d1c60001ab1138,5,6,,,,,,,2,,4,,,,,,,,,,,,,,,,,,,,,,,,,,,,,,,,1,A1,B1,,3,3,4,4,2,4,4,4,3,3,5,4,2,4,2,3,4,5,3,,2.833333333,3.75,4,4,3.666666667,3.5,,2,48,3,1,,2,2,3,1,3,1,,1,
22/05/2023 05:50,22/05/2023 05:52,0,86.164.209.21,98,137,0,22/05/2023 06:24,R_22XQy7zXGIOReoa,,,,,,,anonymous,EN,4,62ed3755896e6e453f0d711d,5,,,,,,,,,,,4,1,4,,,,,,,,,,,,,,,,,,,,,,,,,,,,,2,A2,B1,,4,4,4,4,2,4,3,4,4,2,4,4,3,4,2,2,3,4,4,,3.166666667,3.25,3.5,4,3.333333333,4,,2,61,4,1,,2,2,3,2,,,,1,
22/05/2023 05:50,22/05/2023 05:55,0,31.94.67.74,98,315,0,22/05/2023 06:24,R_1d0oCrMEg3JQDfl,,,,,,,anonymous,EN,4,610890b3f16ce2a44b73b74a,5,,,,,,,,,,,,,,,,,,,,,4,2,,4,,,,,,,,,,,,,,,,,,3,A1,B2,,5,5,3,4,5,4,5,3,4,2,5,4,4,5,1,3,3,5,5,,3.5,4.5,3,3.5,4.666666667,4.5,,2,40,3,1,,2,1,3,2,,,,4,
22/05/2023 05:49,22/05/2023 05:53,0,109.145.0.231,98,188,0,22/05/2023 06:25,R_3hfmaKGmb9n5ibn,,,,,,,anonymous,EN,4,59bbd2d4178f1b0001828bbb,5,,,,,,,,,,,,,,,,,,,,,4,1,7,,,,,,,,,,,,,,,,,,,3,A1,B2,,2,2,3,3,2,2,2,3,2,4,2,2,2,2,4,2,3,3,2,,2.666666667,2,3,3,2.333333333,2,,2,38,4,1,,3,1,2,1,3,1,,2,
22/05/2023 05:50,22/05/2023 05:53,0,31.94.39.197,98,199,0,22/05/2023 06:25,R_9pra4ZMnQ4QWv2p,,,,,,,anonymous,EN,4,6002131f8bbd671f5827e81d,5,,,,,,,,,,,,,,,,,,,,,4,2,,4,,,,,,,,,,,,,,,,,,3,A1,B2,,3,3,3,3,3,3,3,3,4,2,3,3,3,3,3,3,3,4,4,,3,3,3,3,3.333333333,3.5,,2,38,5,1,,3,2,1,1,2,1,,1,
22/05/2023 05:50,22/05/2023 05:53,0,84.69.157.250,98,213,0,22/05/2023 06:25,R_BsNJfmPsGCoSB1v,,,,,,,anonymous,EN,4,640ddd33a1a3f5d0b482f05d,5,,,,,,,,,,,6,,,,,,,1,4,,,,,,,,,,,,,,,,,,,,,,,2,A2,B1,,4,5,5,4,2,4,4,3,4,2,4,4,4,4,2,5,3,4,4,,3.333333333,4.5,4,3.5,3.333333333,4,,2,39,4,1,,2,1,1,2,,,,1,None
22/05/2023 05:50,22/05/2023 06:04,0,79.67.183.228,98,827,0,22/05/2023 06:25,R_1NxoiyCzPAdODQg,,,,,,,anonymous,EN,4,5f45882f55090e1a65935ffd,5,4,2,,4,,,,,,,,,,,,,,,,,,,,,,,,,,,,,,,,,,,,,,1,A1,B1,,4,3,2,3,3,4,4,3,3,3,4,2,3,4,2,3,2,3,3,,3.166666667,3.5,2,3,2.666666667,3.5,,1,48,4,1,,2,2,3,2,,,,4,
22/05/2023 05:49,22/05/2023 05:54,0,94.193.62.252,98,263,0,22/05/2023 06:25,R_3QRctk8T5SdgYCX,,,,,,,anonymous,EN,4,61368154768eee38deaa989d,5,,,,,,,,,,,,,,,,,,,,,,,,,,,,,,,6,,,,,,,1,4,,,4,A2,B2,,3,3,5,3,3,5,4,2,3,3,5,2,3,3,3,3,5,4,4,,3.5,3.75,5,2.5,3,3,,2,32,4,1,,3,2,2,1,2,1,,1,
22/05/2023 05:49,22/05/2023 05:55,0,51.241.169.159,98,343,0,22/05/2023 06:25,R_vrgyp2bQptc7KzD,,,,,,,anonymous,EN,4,5aeb299c6056ef0001778d98,5,,,,,,,,,,,5,,,,2,,4,,,,,,,,,,,,,,,,,,,,,,,,,2,A2,B1,,4,5,5,3,1,4,2,4,3,3,4,5,4,4,2,1,4,4,4,,3.5,3,4.5,3.5,3.333333333,3.5,,1,35,3,1,,2,2,2,1,1,1,,2,
22/05/2023 05:49,22/05/2023 05:53,0,88.106.225.65,98,189,0,22/05/2023 06:25,R_2TWP7kvhDxQuYLD,,,,,,,anonymous,EN,4,5cbacd419bb663000137721c,5,,,,,,,,,,,,,,,,,,,,,4,2,,4,,,,,,,,,,,,,,,,,,3,A1,B2,,2,2,4,3,1,4,3,2,2,4,2,2,3,2,4,3,5,2,2,,3.166666667,2.5,4.5,2.5,1.666666667,2,,2,56,4,1,,4,2,3,1,3,1,,2,
22/05/2023 05:49,22/05/2023 05:51,0,90.202.72.45,98,138,0,22/05/2023 06:25,R_1LFK37z0Y979stN,,,,,,,anonymous,EN,4,63ea6bfdedfcb9164c21a4d9,5,4,2,,4,,,,,,,,,,,,,,,,,,,,,,,,,,,,,,,,,,,,,,1,A1,B1,,3,3,4,3,2,4,3,2,2,4,4,2,2,4,2,4,4,5,4,,3.166666667,3.5,4,2.5,3,3,,1,21,4,1,,3,2,2,2,,,,2,
22/05/2023 05:49,22/05/2023 05:52,0,86.142.65.14,98,217,0,22/05/2023 06:25,R_2uUs6kfkyEwiue4,,,,,,,anonymous,EN,4,59d38c14aeef3b0001022160,5,6,,,,,,,1,4,,,,,,,,,,,,,,,,,,,,,,,,,,,,,,,,,1,A1,B1,,5,5,5,4,1,5,4,3,4,2,5,5,4,4,2,4,4,4,5,,3.833333333,4.5,4.5,3.5,3.333333333,4,,1,43,3,1,,2,2,1,1,1,1,,1,
22/05/2023 05:49,22/05/2023 05:54,0,79.68.149.173,98,303,0,22/05/2023 06:25,R_32PKvSb2Gzgr09E,,,,,,,anonymous,EN,4,5c006baa5b01360001fca664,5,,,,,,,,,,,,,,,,,,,,,,,,,,,,,,,6,,,,,,,1,4,,,4,A2,B2,,4,3,3,3,2,2,4,3,2,4,5,1,1,2,4,3,1,3,2,,2.833333333,3.75,2,3,2,2,,1,24,5,1,,3,1,3,2,,,,4,
22/05/2023 05:49,22/05/2023 05:51,0,86.133.143.1,98,138,0,22/05/2023 06:25,R_1BW1bZihpWXnSvU,,,,,,,anonymous,EN,4,5ee33fb13c5362000a292c42,5,,,,,,,,,,,,,,,,,,,,,,,,,,,,,,,4,1,4,,,,,,,,,4,A2,B2,,4,5,5,3,2,5,3,5,5,1,5,4,1,4,2,3,5,4,3,,2.666666667,4,5,4,3.333333333,4.5,,2,25,4,1,,3,2,2,1,2,1,,4,
22/05/2023 05:49,22/05/2023 05:52,0,92.238.128.125,98,220,0,22/05/2023 06:25,R_efXwBqpwZpRbrVL,,,,,,,anonymous,EN,4,641c15c8269fa84e5698e9c2,5,,,,,,,,,,,,,,,,,,,,,4,2,,4,,,,,,,,,,,,,,,,,,3,A1,B2,,4,4,4,3,4,4,4,3,4,2,4,4,5,4,2,4,3,5,4,,3.5,4,3.5,3,4.333333333,4,,1,27,3,1,,4,2,2,1,1,1,,1,
22/05/2023 05:48,22/05/2023 05:54,0,82.14.225.157,98,373,0,22/05/2023 06:25,R_2EAxagz2a6YEcyb,,,,,,,anonymous,EN,4,62e25cd439789b787d6ede88,5,,,,,,,,,,,6,,,,,,,1,4,,,,,,,,,,,,,,,,,,,,,,,2,A2,B1,,5,5,2,3,3,5,5,3,5,1,5,3,2,4,2,4,2,5,5,,3.333333333,4.75,2,3,3.666666667,4.5,,1,31,4,1,,4,3,2,1,2,1,,1,
22/05/2023 05:48,22/05/2023 06:00,0,90.204.100.239,98,727,0,22/05/2023 06:25,R_2EzsPBZzsRlTeEl,,,,,,,anonymous,EN,4,5a4a078399311d0001df5ba7,5,,,,,,,,,,,4,1,4,,,,,,,,,,,,,,,,,,,,,,,,,,,,,2,A2,B1,,4,5,3,3,1,4,4,3,4,2,5,4,5,5,1,2,5,4,5,,3.5,4,4,3,3,4.5,,1,59,4,1,,2,2,3,2,,,,2,
22/05/2023 05:48,22/05/2023 05:51,0,138.248.179.82,98,221,0,22/05/2023 06:25,R_zewdDXTwEl8NY53,,,,,,,anonymous,EN,4,63de656828b28434f3ed4808,5,,,,,,,,,,,,,,,,,,,,,4,2,,4,,,,,,,,,,,,,,,,,,3,A1,B2,,4,5,4,3,2,3,4,3,3,3,4,3,2,4,2,4,4,4,4,,3,4.25,4,3,3,3.5,,2,26,5,1,,4,1,1,1,3,1,,2,
22/05/2023 05:47,22/05/2023 05:50,0,151.227.248.2,98,156,0,22/05/2023 06:25,R_3e92TVu3svh5gqM,,,,,,,anonymous,EN,4,62d1b97f44bebbf51d3a48c3,5,,,,,,,,,,,5,,,,2,,4,,,,,,,,,,,,,,,,,,,,,,,,,2,A2,B1,,5,4,3,4,2,4,4,4,4,2,5,3,4,4,2,4,3,4,5,,3.666666667,4.25,3,4,3,4,,1,41,3,1,,2,2,1,1,3,1,,1,
22/05/2023 05:47,22/05/2023 05:50,0,82.69.89.110,98,186,0,22/05/2023 06:25,R_uyvyQgo8R44br5T,,,,,,,anonymous,EN,4,5e0c68d5dd997b4356c54134,5,4,2,,4,,,,,,,,,,,,,,,,,,,,,,,,,,,,,,,,,,,,,,1,A1,B1,,3,4,3,4,2,4,4,2,5,1,5,4,4,4,2,4,5,5,4,,3,4.25,4,3,3.666666667,4.5,,2,40,4,1,,3,2,2,1,2,1,,2,
22/05/2023 05:47,22/05/2023 05:50,0,92.40.184.197,98,171,0,22/05/2023 06:25,R_2wQE7sOZCp425VV,,,,,,,anonymous,EN,4,5c2d172ce26399000179a138,5,,,,,,,,,,,4,1,4,,,,,,,,,,,,,,,,,,,,,,,,,,,,,2,A2,B1,,3,4,3,4,2,2,4,4,3,3,4,3,3,4,2,3,4,3,4,,2.833333333,3.75,3.5,4,2.666666667,3.5,,1,24,4,1,,2,2,2,1,2,1,,1,
22/05/2023 05:47,22/05/2023 05:51,0,81.79.194.236,98,251,0,22/05/2023 06:25,R_vDEzuC0WUcWNSkV,,,,,,,anonymous,EN,4,6447b436f5457e2d734ddc86,5,,,,,,,,,,,,,,,,,,,,,,,,,,,,,,,4,2,,4,,,,,,,,4,A2,B2,,3,4,4,3,2,5,4,3,4,2,4,4,3,4,2,3,5,4,4,,3.166666667,3.75,4.5,3,3.333333333,4,,1,19,4,1,,4,2,1,1,2,1,,4,
22/05/2023 05:46,22/05/2023 05:53,0,81.102.106.162,98,418,0,22/05/2023 06:25,R_1Kp7VL7Taskcv10,,,,,,,anonymous,EN,4,5d9c35e740e5c70017ee9a77,5,,,,,,,,,,,,,,,,,,,,,4,2,,4,,,,,,,,,,,,,,,,,,3,A1,B2,,4,4,2,1,2,3,4,2,3,3,4,2,3,3,3,4,2,3,4,,3.333333333,4,2,1.5,2.333333333,3,,1,24,3,1,,3,2,3,2,,,,4,
22/05/2023 05:47,22/05/2023 05:53,0,31.94.27.147,98,367,0,22/05/2023 06:25,R_3m1Sg6XtE7b326A,,,,,,,anonymous,EN,4,64144c50850ccbd0137953ed,5,4,2,,4,,,,,,,,,,,,,,,,,,,,,,,,,,,,,,,,,,,,,,1,A1,B1,,4,5,4,3,1,4,4,2,2,4,5,4,4,4,2,4,5,4,5,,3.833333333,4.5,4.5,2.5,3,3,,1,32,4,1,,1,1,3,1,2,1,,3,Should be some research in being to handle different accents
22/05/2023 05:46,22/05/2023 05:50,0,82.5.29.116,98,219,0,22/05/2023 06:25,R_2riqYDg53C2d2dn,,,,,,,anonymous,EN,4,612634d710d4c6be97dd451e,5,,,,,,,,,,,,,,,,,,,,,6,,,,,,,2,,4,,,,,,,,,,,,3,A1,B2,,4,4,3,3,2,5,5,3,4,2,5,3,1,3,3,5,3,5,4,,3.166666667,4.75,3,3,3.333333333,3.5,,2,22,4,1,,2,1,2,1,3,1,,2,
22/05/2023 05:47,22/05/2023 05:49,0,82.35.136.152,98,151,0,22/05/2023 06:25,R_1ClHJCVPkZvnd3R,,,,,,,anonymous,EN,4,5ea6c3d750254603bb9aa180,5,6,,,,,,,2,,4,,,,,,,,,,,,,,,,,,,,,,,,,,,,,,,,1,A1,B1,,4,5,5,4,2,5,5,4,5,1,5,1,5,6,0,2,3,5,5,,3.333333333,4.25,4,4,2.666666667,5.5,,1,29,5,1,,3,1,2,2,,,,1,
22/05/2023 05:46,22/05/2023 05:50,0,92.0.248.65,98,221,0,22/05/2023 06:25,R_pE4OnAnQxNiAGYN,,,,,,,anonymous,EN,4,5c707693db12e3000146b16d,5,,,,,,,,,,,4,2,,4,,,,,,,,,,,,,,,,,,,,,,,,,,,,2,A2,B1,,4,4,4,4,2,4,5,4,4,2,5,4,3,4,2,4,4,4,4,,3.166666667,4.5,4,4,3.333333333,4,,1,32,4,1,,2,2,2,1,2,1,,1,
22/05/2023 05:46,22/05/2023 05:49,0,82.7.168.27,98,148,0,22/05/2023 06:25,R_3CKplAcxtrYuNhh,,,,,,,anonymous,EN,4,5e74094e0db80439500e8f0b,5,,,,,,,,,,,,,,,,,,,,,,,,,,,,,,,6,,,,,,,1,4,,,4,A2,B2,,2,3,3,1,1,2,2,1,1,5,2,1,4,1,5,1,4,2,3,,3.5,2,3.5,1,1.333333333,1,,2,29,4,1,,2,1,3,2,,,,4,
22/05/2023 05:46,22/05/2023 05:48,0,81.111.16.197,98,151,0,22/05/2023 06:25,R_6KZu063bPXvbLCp,,,,,,,anonymous,EN,4,5ad8a1b1c0332a0001ec6bec,5,,,,,,,,,,,,,,,,,,,,,4,2,,4,,,,,,,,,,,,,,,,,,3,A1,B2,,3,5,2,4,3,4,4,3,4,2,4,4,3,2,4,4,2,4,3,,3.166666667,4.25,2,3.5,3.666666667,3,,2,30,4,1,,2,1,3,2,,,,4,
22/05/2023 05:46,22/05/2023 05:50,0,90.196.202.210,98,247,0,22/05/2023 06:25,R_O74ivI8XXTygK7n,,,,,,,anonymous,EN,4,59e1e960d838ae00018507e3,5,,,,,,,,,,,4,1,4,,,,,,,,,,,,,,,,,,,,,,,,,,,,,2,A2,B1,,4,5,5,4,2,4,5,3,4,2,3,4,2,4,2,4,5,4,4,,3,4.25,5,3.5,3.333333333,4,,2,37,4,1,,4,2,2,1,1,1,,1,
22/05/2023 05:46,22/05/2023 05:48,0,31.94.28.134,98,131,0,22/05/2023 06:25,R_2wEVK27z67P6UHI,,,,,,,anonymous,EN,4,60e465d0839bf6e5f496c641,5,,,,,,,,,,,,,,,,,,,,,,,,,,,,,,,4,1,4,,,,,,,,,4,A2,B2,,4,4,5,4,3,4,4,3,4,2,5,4,4,4,2,4,5,4,4,,3.333333333,4.25,5,3.5,3.666666667,4,,2,20,4,1,,2,2,2,1,1,1,,1,
22/05/2023 05:45,22/05/2023 05:54,0,87.115.157.165,98,528,0,22/05/2023 06:25,R_1OHrLNc1P7cHKGb,,,,,,,anonymous,EN,4,594b6db2eaa18e000163f7c3,5,,,,,,,,,,,,,,,,,,,,,,,,,,,,,,,4,1,4,,,,,,,,,4,A2,B2,,6,5,5,5,1,5,3,5,4,2,5,4,6,5,1,4,5,5,5,,4.166666667,4.25,5,5,3.333333333,4.5,,2,49,3,1,,2,1,2,1,1,1,,1,
22/05/2023 05:44,22/05/2023 05:47,0,89.241.60.74,98,183,0,22/05/2023 06:25,R_Zsi4WUIXcIYUkWB,,,,,,,anonymous,EN,4,5d1682fad3070d00190dbd2e,5,,,,,,,,,,,4,1,4,,,,,,,,,,,,,,,,,,,,,,,,,,,,,2,A2,B1,,3,4,2,2,1,4,3,2,3,3,4,4,4,4,2,2,2,3,3,,3.166666667,3.25,2,2,2.666666667,3.5,,2,32,4,1,,4,3,3,2,,,,4,
22/05/2023 05:44,22/05/2023 05:47,0,31.53.151.220,98,166,0,22/05/2023 06:25,R_27ClpQUG8R5kbvq,,,,,,,anonymous,EN,4,5c578b57e66e510001eec4c6,5,5,,,,2,,4,,,,,,,,,,,,,,,,,,,,,,,,,,,,,,,,,,,1,A1,B1,,4,4,5,4,3,4,5,4,3,3,5,4,4,5,1,4,4,5,5,,3.5,4.5,4.5,4,4,4,,2,28,3,1,,2,2,2,1,3,1,,1,
22/05/2023 05:44,22/05/2023 05:48,0,82.30.225.157,98,245,0,22/05/2023 06:27,R_O3CkiSFtMeqNtC1,,,,,,,anonymous,EN,4,5ea2be9aaa70541db670e832,5,,,,,,,,,,,,,,,,,,,,,4,2,,4,,,,,,,,,,,,,,,,,,3,A1,B2,,3,5,5,3,3,4,4,2,3,3,4,3,2,4,2,3,4,4,4,,3,4,4.5,2.5,3.333333333,3.5,,2,27,4,1,,2,2,3,1,3,1,,2,
22/05/2023 05:44,22/05/2023 05:54,0,31.94.26.198,98,615,0,22/05/2023 06:27,R_6D6irvY5isb4xNf,,,,,,,anonymous,EN,4,5b3b5f13dd6af000014d2a68,5,,,,,,,,,,,,,,,,,,,,,,,,,,,,,,,4,2,,4,,,,,,,,4,A2,B2,,4,5,4,4,1,2,4,3,3,3,5,3,2,2,4,4,4,4,2,,2.833333333,4.5,4,3.5,2.666666667,2.5,,1,55,4,1,,2,1,3,1,3,1,,4,
22/05/2023 05:43,22/05/2023 05:46,0,176.250.85.230,98,169,0,22/05/2023 06:27,R_a9QW42tFBqTyERH,,,,,,,anonymous,EN,4,59d37889aeef3b0001022129,5,,,,,,,,,,,4,1,4,,,,,,,,,,,,,,,,,,,,,,,,,,,,,2,A2,B1,,2,3,5,3,2,5,4,2,3,3,5,4,2,4,2,4,5,4,3,,2.833333333,4,5,2.5,3.333333333,3.5,,2,33,4,1,,2,2,2,1,2,1,,2,
22/05/2023 05:43,22/05/2023 05:47,0,163.1.36.202,98,246,0,22/05/2023 06:27,R_x9kyaokSXzsMh6F,,,,,,,anonymous,EN,4,5aa2f19df05361000172520c,5,,,,,,,,,,,,,,,,,,,,,5,,,,1,4,,,,,,,,,,,,,,,,3,A1,B2,,4,3,4,3,2,4,4,3,3,3,4,2,2,4,2,5,4,3,4,,3.166666667,4,4,3,2.333333333,3.5,,2,30,5,1,,4,1,3,1,3,2,,2,"No comments, seemed fine, though the mammoth thing was weird."
22/05/2023 05:43,22/05/2023 05:47,0,176.24.71.209,98,262,0,22/05/2023 06:27,R_PvOs505KArgASWt,,,,,,,anonymous,EN,4,5f382d59306f840e46f6a064,5,,,,,,,,,,,,,,,,,,,,,4,1,7,,,,,,,,,,,,,,,,,,,3,A1,B2,,5,3,4,3,2,4,4,3,4,2,5,3,4,4,2,3,5,4,5,,3.666666667,3.75,4.5,3,3,4,,1,34,4,"1,5",,3,2,2,2,,,,2,
22/05/2023 05:43,22/05/2023 05:46,0,82.34.208.18,98,213,0,22/05/2023 06:27,R_2rvYl2w7xR7DBrN,,,,,,,anonymous,EN,4,601017ce4f1db9279c1f2b7c,5,4,2,,4,,,,,,,,,,,,,,,,,,,,,,,,,,,,,,,,,,,,,,1,A1,B1,,5,5,5,5,4,5,5,4,5,1,5,5,4,5,1,5,5,5,5,,3.5,5,5,4.5,4.666666667,5,,1,41,5,1,,2,1,1,1,1,1,,1,
22/05/2023 05:43,22/05/2023 05:46,0,109.149.128.132,98,216,0,22/05/2023 06:27,R_x2RnMRfHIWEj2OR,,,,,,,anonymous,EN,4,6148b10ea79471ff31a5b290,5,,,,,,,,,,,,,,,,,,,,,6,,,,,,,1,4,,,,,,,,,,,,,3,A1,B2,,4,3,4,4,2,4,4,3,4,2,4,4,3,4,2,4,4,4,4,,3.166666667,3.75,4,3.5,3.333333333,4,,2,23,3,1,,2,2,1,1,2,1,,1,
22/05/2023 05:42,22/05/2023 05:46,0,86.12.79.254,98,234,0,22/05/2023 06:27,R_WkA0HVsjc8yIecx,,,,,,,anonymous,EN,4,5c8d4db8c6eef00001bd2510,5,,,,,,,,,,,,,,,,,,,,,,,,,,,,,,,4,2,,4,,,,,,,,4,A2,B2,,3,6,5,2,1,4,3,2,4,2,4,3,4,4,2,3,5,4,4,,3.166666667,4,5,2,2.666666667,4,,2,44,5,1,,2,2,1,1,1,1,,1,
22/05/2023 05:42,22/05/2023 05:47,0,31.51.10.16,98,246,0,22/05/2023 06:27,R_qI4gO5xx1ACST73,,,,,,,anonymous,EN,4,5c4b8d1b0eccd3000186e33a,5,4,1,4,,,,,,,,,,,,,,,,,,,,,,,,,,,,,,,,,,,,,,,1,A1,B1,,5,5,5,3,3,4,4,4,5,1,5,4,2,4,2,4,5,4,5,,3.166666667,4.5,5,3.5,3.666666667,4.5,,2,34,3,1,,2,2,2,1,3,1,,2,
22/05/2023 05:42,22/05/2023 05:45,0,148.252.129.9,98,163,0,22/05/2023 06:27,R_1LM9YA8FUWWGGk2,,,,,,,anonymous,EN,4,612ce2dc4fe6978901d3ed10,5,,,,,,,,,,,4,1,4,,,,,,,,,,,,,,,,,,,,,,,,,,,,,2,A2,B1,,4,4,3,3,2,4,4,3,4,2,4,3,4,2,4,3,2,2,3,,3.5,3.75,2.5,3,2.333333333,3,,1,35,4,1,,3,2,3,2,,,,4,
22/05/2023 05:42,22/05/2023 05:44,0,86.150.41.47,98,134,0,22/05/2023 06:27,R_OD2CzESoIcjVNsd,,,,,,,anonymous,EN,4,6172aa09d3e15e3231662987,5,4,2,,4,,,,,,,,,,,,,,,,,,,,,,,,,,,,,,,,,,,,,,1,A1,B1,,4,4,5,4,2,4,4,3,4,2,4,4,3,4,2,4,4,4,4,,3.166666667,4,4.5,3.5,3.333333333,4,,2,22,4,1,,2,1,3,2,,,,2,
22/05/2023 05:42,22/05/2023 05:45,0,2.26.131.235,98,185,0,22/05/2023 06:27,R_3nARqHcGwROTjp1,,,,,,,anonymous,EN,4,5b5ede4bf5bc59000117fae2,5,,,,,,,,,,,,,,,,,,,,,4,2,,4,,,,,,,,,,,,,,,,,,3,A1,B2,,4,4,2,4,3,4,4,3,3,3,5,4,3,4,2,3,2,5,4,,3.333333333,4,2,3.5,4,3.5,,2,26,4,1,,2,1,3,1,3,1,,4,
22/05/2023 05:42,22/05/2023 05:47,0,31.94.18.192,98,300,0,22/05/2023 06:27,R_w0LDEQlwSQe2H05,,,,,,,anonymous,EN,4,5bed63da5d42970001d4f145,5,,,,,,,,,,,,,,,,,,,,,,,,,,,,,,,4,2,,4,,,,,,,,4,A2,B2,,4,5,5,4,3,5,3,3,4,2,3,4,3,4,2,3,5,5,4,,3.333333333,3.5,5,3.5,4,4,,2,DATA_EXPIRED,5,1,,1,1,1,1,2,1,,1,
22/05/2023 05:41,22/05/2023 05:44,0,92.0.98.92,98,177,0,22/05/2023 06:27,R_1N3TbxnpHhlsuBJ,,,,,,,anonymous,EN,4,5d442839a8faa30001131e8a,5,,,,,,,,,,,6,,,,,,,1,4,,,,,,,,,,,,,,,,,,,,,,,2,A2,B1,,3,3,4,3,3,4,5,3,3,3,3,3,3,4,2,3,4,4,4,,3.166666667,3.5,4,3,3.333333333,3.5,,1,49,3,1,,4,1,3,1,1,1,,4,
22/05/2023 05:41,22/05/2023 05:45,0,151.228.133.26,98,196,0,22/05/2023 06:27,R_3jF9CHm80509NYt,,,,,,,anonymous,EN,4,62ead930d596b021e1e12007,5,6,,,,,,,1,4,,,,,,,,,,,,,,,,,,,,,,,,,,,,,,,,,1,A1,B1,,5,5,5,4,1,5,4,5,4,2,5,3,5,4,2,4,5,4,5,,4,4.5,5,4.5,2.666666667,4,,1,37,4,1,,3,2,2,2,,,,1,
22/05/2023 05:41,22/05/2023 05:43,0,194.207.149.113,98,145,0,22/05/2023 06:27,R_1gnCBg0X5i9Xn2a,,,,,,,anonymous,EN,4,5b2426bb8b566f0001ba4610,5,,,,,,,,,,,,,,,,,,,,,4,2,,4,,,,,,,,,,,,,,,,,,3,A1,B2,,3,3,4,3,4,4,4,5,4,2,4,3,3,4,2,4,4,4,4,,3,3.75,4,4,3.666666667,4,,1,31,4,1,,4,2,2,1,1,1,,1,
22/05/2023 05:41,22/05/2023 05:44,0,88.107.41.149,98,187,0,22/05/2023 06:27,R_1Id8lL9wlID7ogZ,,,,,,,anonymous,EN,4,604f7f49bdb53294916cb75c,5,,,,,,,,,,,,,,,,,,,,,,,,,,,,,,,4,2,,4,,,,,,,,4,A2,B2,,4,5,2,4,3,4,4,3,3,3,4,4,3,4,2,4,2,5,4,,3.333333333,4.25,2,3.5,4,3.5,,2,23,4,1,,3,2,2,1,3,1,,4,
22/05/2023 05:41,22/05/2023 05:47,0,90.247.147.208,98,378,0,22/05/2023 06:27,R_2BsSVHiMUa6RPnY,,,,,,,anonymous,EN,4,60a3a2e77b3a2c9a03856797,5,,,,,,,,,,,4,2,,4,,,,,,,,,,,,,,,,,,,,,,,,,,,,2,A2,B1,,5,5,4,5,3,4,5,3,5,1,1,4,3,5,1,4,5,5,4,,3,3.75,4.5,4,4,5,,1,41,4,1,,3,1,2,1,3,1,,2,
22/05/2023 05:41,22/05/2023 05:45,0,86.16.105.198,98,246,0,22/05/2023 06:27,R_2EhtJhx8BNa8Sec,,,,,,,anonymous,EN,4,6133f3628fdedfebed160525,5,,,,,,,,,,,,,,,,,,,,,4,1,7,,,,,,,,,,,,,,,,,,,3,A1,B2,,3,5,5,4,2,5,5,4,5,1,5,5,5,5,1,4,5,5,5,,3.333333333,4.75,5,4,4,5,,2,33,4,1,,3,2,2,1,2,1,,1,
22/05/2023 05:40,22/05/2023 05:44,0,86.1.89.66,98,229,0,22/05/2023 06:28,R_30uRJFegDL73uCC,,,,,,,anonymous,EN,4,5ea806dea2d63e011f551ef6,5,4,2,,4,,,,,,,,,,,,,,,,,,,,,,,,,,,,,,,,,,,,,,1,A1,B1,,4,4,3,3,2,4,3,3,3,3,5,2,4,4,2,3,3,3,3,,3.333333333,3.75,3,3,2.333333333,3.5,,1,55,5,1,,1,1,1,1,1,1,,1,
22/05/2023 05:39,22/05/2023 05:42,0,2.101.43.227,98,149,0,22/05/2023 06:28,R_0qC1ULCKd1vRM1r,,,,,,,anonymous,EN,4,5aeb13df7e0aef0001290896,5,,,,,,,,,,,,,,,,,,,,,4,2,,4,,,,,,,,,,,,,,,,,,3,A1,B2,,4,3,4,3,2,3,4,3,4,2,4,4,2,4,2,4,4,4,4,,2.833333333,3.75,4,3,3.333333333,4,,1,31,3,1,,3,1,1,1,1,1,,1,
22/05/2023 05:39,22/05/2023 05:43,0,31.50.248.235,98,251,0,22/05/2023 06:28,R_1rlhpYeYCcqnQId,,,,,,,anonymous,EN,4,58bbf520464ae40001bec33c,5,6,,,,,,,1,4,,,,,,,,,,,,,,,,,,,,,,,,,,,,,,,,,1,A1,B1,,2,2,2,2,1,3,4,2,2,4,5,2,3,2,4,4,2,3,3,,3.166666667,3.75,2,2,2,2,,2,53,4,1,,2,1,3,2,,,,4,
22/05/2023 05:39,22/05/2023 05:49,0,90.209.138.101,98,611,0,22/05/2023 06:28,R_3lMvzALW3FTjz6L,,,,,,,anonymous,EN,4,5ede945a2ec638128e356eac,5,,,,,,,,,,,4,1,4,,,,,,,,,,,,,,,,,,,,,,,,,,,,,2,A2,B1,,5,5,2,5,1,5,3,5,5,1,4,5,4,5,1,2,5,4,5,,3.5,3.5,3.5,5,3.333333333,5,,2,56,4,1,,3,1,3,1,3,1,,4,
22/05/2023 05:39,22/05/2023 05:43,0,81.159.164.193,98,276,0,22/05/2023 06:28,R_33pXSmeXzVFSyol,,,,,,,anonymous,EN,4,5ef759262a8ed146726775d5,5,,,,,,,,,,,,,,,,,,,,,4,1,7,,,,,,,,,,,,,,,,,,,3,A1,B2,,4,4,4,4,2,4,4,2,2,4,5,4,2,2,4,1,4,4,4,,3.666666667,3.5,4,3,3.333333333,2,,2,34,4,1,,3,2,1,1,1,1,,1,
22/05/2023 05:38,22/05/2023 05:41,0,80.7.238.8,98,142,0,22/05/2023 06:28,R_2VfDsJsElt1I1ZG,,,,,,,anonymous,EN,4,5a25cb0ab279aa0001b0dc01,5,,,,,,,,,,,,,,,,,,,,,,,,,,,,,,,4,2,,4,,,,,,,,4,A2,B2,,3,4,4,4,2,3,4,3,4,2,3,4,3,3,3,4,5,4,4,,3,3.75,4.5,3.5,3.333333333,3.5,,2,32,4,1,,3,1,1,1,3,1,,1,
22/05/2023 05:38,22/05/2023 05:43,0,84.69.141.117,98,297,0,22/05/2023 06:28,R_RtoE6qdkwDsTyZb,,,,,,,anonymous,EN,4,5ea0672dd3be90032762f6b2,5,,,,,,,,,,,,,,,,,,,,,5,,,,2,,4,,,,,,,,,,,,,,,3,A1,B2,,2,2,2,3,1,2,3,3,2,4,1,2,4,2,4,2,2,3,2,,3,2,2,3,2,2,,1,67,4,1,,4,2,3,2,,,,4,
22/05/2023 05:38,22/05/2023 05:41,0,86.185.80.111,98,200,0,22/05/2023 06:28,R_56HfANJlqIOnjGx,,,,,,,anonymous,EN,4,5d56d465175b5d0017766b3b,5,,,,,,,,,,,4,1,4,,,,,,,,,,,,,,,,,,,,,,,,,,,,,2,A2,B1,,4,4,4,4,4,4,4,3,4,2,4,4,3,4,2,3,4,4,4,,3.166666667,3.75,4,3.5,4,4,,2,28,4,1,,2,2,2,1,2,1,,1,
22/05/2023 05:38,22/05/2023 05:40,0,86.145.158.172,98,149,0,22/05/2023 06:28,R_w1PZ8puYqfcdGg1,,,,,,,anonymous,EN,4,5fb3f05f5848d70009c7c9b1,5,,,,,,,,,,,,,,,,,,,,,,,,,,,,,,,4,2,,4,,,,,,,,4,A2,B2,,4,4,4,4,3,3,4,4,3,3,4,2,3,3,3,4,2,4,4,,3.333333333,4,3,4,3,3,,2,22,5,1,,2,1,3,1,3,1,,4,
22/05/2023 05:38,22/05/2023 06:16,0,217.42.75.14,98,2286,0,22/05/2023 06:28,R_RDk2atjkO8FIkPD,,,,,,,anonymous,EN,4,63469bb3e74049bc7b4dcb41,5,6,,,,,,,2,,4,,,,,,,,,,,,,,,,,,,,,,,,,,,,,,,,1,A1,B1,,4,4,4,4,2,4,5,4,4,2,4,3,4,3,3,2,4,4,4,,3.5,3.75,4,4,3,3.5,,#N/A,#N/A,5,1,,1,2,2,1,3,1,,1,
22/05/2023 05:37,22/05/2023 05:40,0,86.132.128.196,98,193,0,22/05/2023 06:28,R_3lA1wtC0NAPSIVP,,,,,,,anonymous,EN,4,5d92fee662e97e0018134a6f,5,,,,,,,,,,,,,,,,,,,,,,,,,,,,,,,4,2,,4,,,,,,,,4,A2,B2,,5,5,2,3,4,4,5,4,4,2,5,4,4,4,2,4,1,4,4,,3.5,4.75,1.5,3.5,4,4,,1,34,5,1,,3,1,3,2,,,,4,N/A
22/05/2023 05:38,22/05/2023 05:40,0,146.198.9.72,98,160,0,22/05/2023 06:28,R_Q0WrG5q56oy5Xnb,,,,,,,anonymous,EN,4,63cedba773eab20c019f1197,5,,,,,,,,,,,,,,,,,,,,,4,2,,4,,,,,,,,,,,,,,,,,,3,A1,B2,,4,4,4,4,2,4,4,3,3,3,4,2,3,3,3,4,4,3,3,,3.333333333,4,4,3.5,2.333333333,3,,1,40,3,1,,2,1,2,1,2,1,,2,
22/05/2023 05:37,22/05/2023 05:45,0,185.205.172.154,98,462,0,22/05/2023 06:28,R_1mVDEfxWkThbcSv,,,,,,,anonymous,EN,4,603f046f9e0097fff158ae13,5,,,,,,,,,,,,,,,,,,,,,,,,,,,,,,,5,,,,1,4,,,,,,4,A2,B2,,4,5,5,4,4,4,4,3,4,2,5,3,2,5,1,4,5,5,5,,3,4.5,5,3.5,4,4.5,,1,25,4,1,,2,2,3,1,1,1,,2,
22/05/2023 05:37,22/05/2023 05:41,0,82.132.187.212,98,241,0,22/05/2023 06:28,R_3jSDxyEhsVf67zH,,,,,,,anonymous,EN,4,6310ec37a9d967ebbd3adac4,5,,,,,,,,,,,4,1,4,,,,,,,,,,,,,,,,,,,,,,,,,,,,,2,A2,B1,,4,4,4,4,2,4,4,3,4,2,4,3,3,3,3,4,4,4,4,,3.333333333,4,4,3.5,3,3.5,,1,24,4,1,,4,2,3,1,3,1,,4,
22/05/2023 05:37,22/05/2023 05:41,0,84.69.138.27,98,228,0,22/05/2023 06:28,R_1kHyepqEXdfIeaW,,,,,,,anonymous,EN,4,5d667a1a3741ea0001c719b9,5,,,,,,,,,,,4,2,,4,,,,,,,,,,,,,,,,,,,,,,,,,,,,2,A2,B1,,4,5,4,4,2,4,4,3,3,3,5,4,3,3,3,4,4,5,4,,3.5,4.5,4,3.5,3.666666667,3,,2,56,5,1,,3,1,3,2,,,,4,
22/05/2023 05:36,22/05/2023 05:40,0,131.111.5.176,98,200,0,22/05/2023 06:28,R_1otZbgoiz7R7SzH,,,,,,,anonymous,EN,4,5f0788f36c99473ab5aed164,5,4,1,4,,,,,,,,,,,,,,,,,,,,,,,,,,,,,,,,,,,,,,,1,A1,B1,,2,3,3,2,1,2,3,1,1,5,5,3,2,2,4,4,2,2,2,,2.833333333,3.75,2.5,1.5,2,1.5,,2,21,4,1,,3,2,3,2,,,,4,
22/05/2023 05:36,22/05/2023 05:40,0,149.34.135.159,98,216,0,22/05/2023 06:28,R_22AhwvvnJMG4yc7,,,,,,,anonymous,EN,4,63d3e40d92c3c1dac54e2ee2,5,,,,,,,,,,,,,,,,,,,,,4,2,,4,,,,,,,,,,,,,,,,,,3,A1,B2,,4,4,4,3,3,3,2,2,3,3,4,3,3,3,3,3,5,4,4,,3.333333333,3.25,4.5,2.5,3.333333333,3,,2,26,4,1,,2,1,1,1,3,1,,2,
22/05/2023 05:36,22/05/2023 05:43,0,31.50.98.93,98,418,0,22/05/2023 06:28,R_3F5uekqGfuZ89uy,,,,,,,anonymous,EN,4,5d1e70384a8a0c00015cb200,5,4,2,,4,,,,,,,,,,,,,,,,,,,,,,,,,,,,,,,,,,,,,,1,A1,B1,,5,6,4,5,0,5,4,5,4,2,6,5,5,5,1,4,4,5,5,,3.833333333,5,4,5,3.333333333,4.5,,2,48,4,"1,8",Ishan,2,2,2,1,3,1,,1,"I was impressed by the clarity and adequate lenght of the responses given by the ""system"""
22/05/2023 05:36,22/05/2023 05:39,0,149.241.242.139,98,204,0,22/05/2023 06:28,R_3KO6FFQue1wyub3,,,,,,,anonymous,EN,4,5ed0c66875039f000b4e3897,5,,,,,,,,,,,6,,,,,,,2,,4,,,,,,,,,,,,,,,,,,,,,,2,A2,B1,,5,5,5,5,1,5,1,5,5,1,5,5,5,5,1,1,4,5,5,,3.666666667,3,4.5,5,3.666666667,5,,1,35,3,1,,4,3,2,1,3,1,,1,
22/05/2023 05:35,22/05/2023 05:38,0,109.149.220.224,98,153,0,22/05/2023 06:28,R_1FQCD1ottIQslxE,,,,,,,anonymous,EN,4,5f85968d78e22f01044a7e6c,5,,,,,,,,,,,,,,,,,,,,,,,,,,,,,,,4,2,,4,,,,,,,,4,A2,B2,,4,5,5,2,1,4,4,1,2,4,5,1,2,2,4,4,5,4,4,,3.666666667,4.5,5,1.5,2,2,,2,29,4,1,,3,2,1,1,1,3,,1,
22/05/2023 05:35,22/05/2023 05:38,0,86.30.219.34,98,176,0,22/05/2023 06:28,R_3xAGgjCR7uVRjs5,,,,,,,anonymous,EN,4,5e2586948ab7d17d602025c4,5,,,,,,,,,,,,,,,,,,,,,,,,,,,,,,,4,1,4,,,,,,,,,4,A2,B2,,4,4,5,3,2,3,4,3,3,3,4,4,3,4,2,2,5,4,3,,3,3.5,5,3,3.333333333,3.5,,2,38,4,1,,3,2,2,1,2,1,,1,
22/05/2023 05:34,22/05/2023 05:39,0,92.40.202.83,98,279,0,22/05/2023 06:28,R_1QbeHW5Xxg6fKQX,,,,,,,anonymous,EN,4,63d7cad07d34ae109e76326d,5,,,,,,,,,,,4,2,,4,,,,,,,,,,,,,,,,,,,,,,,,,,,,2,A2,B1,,5,5,5,5,2,5,4,5,5,1,5,5,5,5,1,4,5,5,5,,3.666666667,4.5,5,5,4,5,,1,33,5,1,,2,1,3,1,2,1,,4,
22/05/2023 05:34,22/05/2023 05:38,0,82.30.68.82,98,236,0,22/05/2023 06:28,R_AiIfxfA6fPagmnn,,,,,,,anonymous,EN,4,60f83d2965034fc854763240,5,,,,,,,,,,,,,,,,,,,,,4,2,,4,,,,,,,,,,,,,,,,,,3,A1,B2,,5,5,5,3,2,5,5,3,4,2,6,4,5,4,2,3,5,5,4,,3.833333333,4.75,5,3,3.666666667,4,,1,48,5,1,,2,1,3,1,3,1,,1,
22/05/2023 05:35,22/05/2023 05:38,0,144.124.220.81,98,183,0,22/05/2023 06:28,R_3oLMqCd0wW5deBI,,,,,,,anonymous,EN,4,611fc188fcdeb41305f335a4,5,6,,,,,,,2,,4,,,,,,,,,,,,,,,,,,,,,,,,,,,,,,,,1,A1,B1,,4,4,5,3,2,3,3,2,4,2,4,3,5,3,3,4,5,5,4,,3.5,3.75,5,2.5,3.333333333,3.5,,2,20,4,1,,2,1,1,1,2,1,,2,n/a
22/05/2023 05:34,22/05/2023 05:37,0,185.69.144.221,98,180,0,22/05/2023 06:28,R_tW0ueSvU3utzL4l,,,,,,,anonymous,EN,4,64138ac94e41d3cfa68bdc97,5,4,2,,4,,,,,,,,,,,,,,,,,,,,,,,,,,,,,,,,,,,,,,1,A1,B1,,3,3,4,3,1,3,3,2,2,4,5,2,1,3,3,4,4,3,3,,2.833333333,3.75,4,2.5,2,2.5,,1,29,5,1,,3,1,2,2,,,,3,
22/05/2023 05:34,22/05/2023 05:38,0,95.145.185.255,98,237,0,22/05/2023 06:28,R_2c2dz1Qr51bHAjW,,,,,,,anonymous,EN,4,5d120da16127370015883ac3,5,,,,,,,,,,,,,,,,,,,,,,,,,,,,,,,4,1,4,,,,,,,,,4,A2,B2,,3,4,3,4,2,3,3,5,5,1,4,4,3,4,2,3,4,4,4,,2.666666667,3.5,3.5,4.5,3.333333333,4.5,,2,63,5,1,,3,1,1,1,1,1,,2,
22/05/2023 05:34,22/05/2023 05:38,0,217.155.20.184,98,238,0,22/05/2023 06:28,R_24jUvflYEsGg8XW,,,,,,,anonymous,EN,4,5cb33df2f9357c00146a82d4,5,,,,,,,,,,,,,,,,,,,,,,,,,,,,,,,4,2,,4,,,,,,,,4,A2,B2,,4,3,3,2,1,4,3,2,3,3,4,3,4,2,4,3,4,4,3,,3.666666667,3.25,3.5,2,2.666666667,2.5,,2,40,5,1,,2,1,3,2,,,,4,Did I hear Alexa say that ZSL has mammoths???!!! Erm...I believe these are extinct - assume you're trying to catch us out?
22/05/2023 05:34,22/05/2023 05:38,0,2.28.25.127,98,257,0,22/05/2023 06:28,R_24cKkXqe4RMFJuH,,,,,,,anonymous,EN,4,613b621bcb5311540c3e7fc9,5,,,,,,,,,,,4,2,,4,,,,,,,,,,,,,,,,,,,,,,,,,,,,2,A2,B1,,3,4,5,3,2,4,3,3,3,3,4,4,3,4,2,3,5,4,4,,3.166666667,3.5,5,3,3.333333333,3.5,,2,46,4,1,,3,2,1,1,2,1,,1,
22/05/2023 05:34,22/05/2023 05:37,0,86.157.225.172,98,197,0,22/05/2023 06:28,R_w67DN5B4ihXFkL7,,,,,,,anonymous,EN,4,62974b2961c6fcdb2226b73f,5,,,,,,,,,,,,,,,,,,,,,4,2,,4,,,,,,,,,,,,,,,,,,3,A1,B2,,5,5,5,4,2,4,3,5,4,2,5,4,3,4,2,4,5,4,4,,3.333333333,4.25,5,4.5,3.333333333,4,,1,24,4,1,,3,2,2,2,,,,1,
22/05/2023 05:33,22/05/2023 05:38,0,86.160.65.201,98,267,0,22/05/2023 06:28,R_3hbk99o7DIfvNTY,,,,,,,anonymous,EN,4,5ded4f9eff7f7141577d409a,5,4,2,,4,,,,,,,,,,,,,,,,,,,,,,,,,,,,,,,,,,,,,,1,A1,B1,,3,4,4,3,2,4,5,3,3,3,4,2,2,3,3,4,4,3,2,,2.833333333,4.25,4,3,2.333333333,3,,1,53,4,1,,3,2,3,1,3,1,,4,
22/05/2023 05:33,22/05/2023 05:36,0,81.174.144.180,98,177,0,22/05/2023 06:28,R_3nxsVia6Mp5eEdF,,,,,,,anonymous,EN,4,637e1d4874d7ff427504812b,5,,,,,,,,,,,4,2,,4,,,,,,,,,,,,,,,,,,,,,,,,,,,,2,A2,B1,,3,4,3,3,1,4,4,1,2,4,5,2,2,2,4,4,3,2,4,,3.5,4.25,3,2,1.666666667,2,,2,37,4,1,,3,1,3,2,,,,4,
22/05/2023 05:33,22/05/2023 05:38,0,86.15.214.62,98,309,0,22/05/2023 06:29,R_20PgBNVjO8NOhdM,,,,,,,anonymous,EN,4,63d7f42900f82081456a376a,5,,,,,,,,,,,,,,,,,,,,,4,1,7,,,,,,,,,,,,,,,,,,,3,A1,B2,,2,1,4,2,0,1,0,1,1,5,1,1,1,1,5,1,4,2,1,,2.5,0.75,4,1.5,1,1,,2,38,4,1,,3,1,2,2,,,,2,
22/05/2023 05:32,22/05/2023 05:35,0,82.11.113.100,98,186,0,22/05/2023 06:29,R_3HLj2Pl3z4WE80B,,,,,,,anonymous,EN,4,58c5cb80efb64f000135866a,5,,,,,,,,,,,4,2,,4,,,,,,,,,,,,,,,,,,,,,,,,,,,,2,A2,B1,,4,6,4,3,1,5,4,3,1,5,5,1,4,4,2,4,3,4,5,,4.166666667,4.75,3.5,3,2,2.5,,2,34,3,1,,3,1,1,1,2,1,,2,
22/05/2023 05:32,22/05/2023 05:35,0,82.34.171.24,98,146,0,22/05/2023 06:29,R_SBjsy4ZAkaFtO9z,,,,,,,anonymous,EN,4,60aab3e0f0888e0d798cc26f,5,,,,,,,,,,,,,,,,,,,,,4,1,7,,,,,,,,,,,,,,,,,,,3,A1,B2,,3,5,5,3,2,4,4,3,4,2,5,4,4,4,2,3,5,4,4,,3.166666667,4.25,5,3,3.333333333,4,,2,34,4,1,,3,1,1,1,1,1,,1,
22/05/2023 05:31,22/05/2023 05:35,0,51.19.124.69,98,230,0,22/05/2023 06:29,R_2zqfZvU7ipgqSJQ,,,,,,,anonymous,EN,4,605c9580548e29bcb353aba7,5,4,1,4,,,,,,,,,,,,,,,,,,,,,,,,,,,,,,,,,,,,,,,1,A1,B1,,4,3,4,3,2,4,4,3,3,3,4,2,3,3,3,4,4,4,3,,3.333333333,3.75,4,3,2.666666667,3,,2,36,3,"1,8",Italian,2,1,3,2,,,,2,
22/05/2023 05:31,22/05/2023 05:33,0,86.179.208.194,98,130,0,22/05/2023 06:29,R_1i9weAnCL3CV5dq,,,,,,,anonymous,EN,4,57b75b0383e3ed00019b0d67,5,,,,,,,,,,,,,,,,,,,,,,,,,,,,,,,4,2,,4,,,,,,,,4,A2,B2,,4,5,5,5,2,4,2,3,4,2,5,4,4,5,1,4,4,4,4,,3.166666667,4,4.5,4,3.333333333,4.5,,2,38,5,1,,2,2,2,1,2,1,,2,
22/05/2023 05:31,22/05/2023 05:36,0,82.132.212.124,98,314,0,22/05/2023 06:29,R_263mxYNG5QmUbEN,,,,,,,anonymous,EN,4,5ea305678366db250adbaf7d,5,,,,,,,,,,,,,,,,,,,,,5,,,,1,4,,,,,,,,,,,,,,,,3,A1,B2,,4,3,3,4,3,4,3,4,4,2,4,3,3,4,2,3,4,4,4,,3.166666667,3.25,3.5,4,3.333333333,4,,1,37,5,1,,2,2,2,1,2,3,,2,
22/05/2023 05:31,22/05/2023 05:34,0,148.64.29.89,98,180,0,22/05/2023 06:29,R_2sZmG8hG5WSfshw,,,,,,,anonymous,EN,4,60188eb2eaec9e169fcc94a4,5,,,,,,,,,,,4,2,,4,,,,,,,,,,,,,,,,,,,,,,,,,,,,2,A2,B1,,3,4,1,2,0,1,2,2,1,5,5,1,1,1,5,0,1,2,5,,3.333333333,2.75,1,2,1,1,,2,27,4,1,,3,2,3,2,,,,3,
22/05/2023 05:30,22/05/2023 05:34,0,94.174.5.42,98,231,0,22/05/2023 06:29,R_2OZn47exvrLVFpT,,,,,,,anonymous,EN,4,6310a577c2072bb8325998b7,5,,,,,,,,,,,4,2,,4,,,,,,,,,,,,,,,,,,,,,,,,,,,,2,A2,B1,,5,5,2,4,3,5,4,4,4,2,5,3,3,5,1,4,1,5,5,,3.5,4.5,1.5,4,3.666666667,4.5,,1,35,4,1,,4,2,3,2,,,,4,
22/05/2023 05:29,22/05/2023 05:35,0,163.116.177.50,98,326,0,22/05/2023 06:29,R_1mKQs3C7cIUTQR7,,,,,,,anonymous,EN,4,60ae47392195f5455ef262a9,5,,,,,,,,,,,,,,,,,,,,,,,,,,,,,,,4,2,,4,,,,,,,,4,A2,B2,,4,4,4,3,3,3,3,3,3,3,4,2,3,4,2,4,4,4,5,,3.333333333,3.75,4,3,3,3.5,,2,35,5,1,,3,1,2,2,,,,2,Agree that some things were inaccurate... I doubt the zoo has mammoths!
22/05/2023 05:29,22/05/2023 05:33,0,213.31.48.11,98,226,0,22/05/2023 06:29,R_3MLsjLBheCJXiiS,,,,,,,anonymous,EN,4,5e56e6a7dd429a0973edeaed,5,,,,,,,,,,,,,,,,,,,,,6,,,,,,,2,,4,,,,,,,,,,,,3,A1,B2,,4,3,4,1,1,3,4,1,2,4,5,3,4,2,4,4,2,3,3,,3.666666667,4,3,1,2.333333333,2,,1,40,4,1,,3,2,1,1,1,1,,1,
22/05/2023 05:29,22/05/2023 05:32,0,82.5.35.194,98,180,0,22/05/2023 06:29,R_5hzGQzUyMlJ6Vnb,,,,,,,anonymous,EN,4,5e3a51208445882693c15f8b,5,4,2,,4,,,,,,,,,,,,,,,,,,,,,,,,,,,,,,,,,,,,,,1,A1,B1,,5,5,2,4,2,4,2,1,5,1,5,5,4,4,2,4,5,4,4,,3.333333333,4,3.5,2.5,3.666666667,4.5,,2,34,4,1,,2,1,1,1,1,1,,1,
22/05/2023 05:29,22/05/2023 05:36,0,31.94.36.198,98,425,0,22/05/2023 06:29,R_2QLOeHx3wpdvnDJ,,,,,,,anonymous,EN,4,622b8b6947c63363d00dc716,5,4,2,,4,,,,,,,,,,,,,,,,,,,,,,,,,,,,,,,,,,,,,,1,A1,B1,,4,5,5,3,2,4,4,3,4,2,5,4,4,5,1,3,5,4,4,,3.166666667,4.25,5,3,3.333333333,4.5,,1,60,4,1,,3,2,2,1,1,1,,1,
22/05/2023 05:28,22/05/2023 05:35,0,31.94.65.11,98,367,0,22/05/2023 06:29,R_1Hdw6r555C3PAhD,,,,,,,anonymous,EN,4,5ff770cbf676e943cc9f19dd,5,,,,,,,,,,,,,,,,,,,,,,,,,,,,,,,4,2,,4,,,,,,,,4,A2,B2,,4,4,4,3,1,4,4,4,4,2,4,2,3,4,2,3,4,4,4,,3.166666667,3.75,4,3.5,2.333333333,4,,2,39,4,1,,2,1,2,2,,,,4,
22/05/2023 05:28,22/05/2023 05:32,0,94.8.43.155,98,252,0,22/05/2023 06:29,R_32PKAupozNxtwJd,,,,,,,anonymous,EN,4,5eee8e0f64dd261036cd7637,5,,,,,,,,,,,,,,,,,,,,,6,,,,,,,2,,4,,,,,,,,,,,,3,A1,B2,,4,4,2,4,2,4,4,3,4,2,4,4,3,3,3,3,2,3,4,,3.333333333,3.75,2,3.5,3,3.5,,2,41,4,1,,3,1,1,1,2,1,,1,
22/05/2023 05:28,22/05/2023 05:31,0,84.64.202.251,98,180,0,22/05/2023 06:29,R_1opZLlNBvVAXegE,,,,,,,anonymous,EN,4,63d7a3d4e2bb16fb1975d341,5,,,,,,,,,,,,,,,,,,,,,,,,,,,,,,,4,1,4,,,,,,,,,4,A2,B2,,5,4,4,5,1,5,4,5,3,3,5,5,5,4,2,1,5,4,5,,4.166666667,3.5,4.5,5,3.333333333,3.5,,1,37,4,1,,3,1,2,2,,,,2,
22/05/2023 05:27,22/05/2023 05:30,0,77.103.15.151,98,153,0,22/05/2023 06:29,R_x2RxRUXEp93wRCF,,,,,,,anonymous,EN,4,610d110b900e833c342fd0e2,5,,,,,,,,,,,,,,,,,,,,,4,2,,4,,,,,,,,,,,,,,,,,,3,A1,B2,,4,4,4,4,2,3,2,2,2,4,4,4,2,3,3,2,5,4,2,,3,3,4.5,3,3.333333333,2.5,,2,25,5,"1,3",,2,1,2,1,3,1,,2,
22/05/2023 05:27,22/05/2023 05:34,0,86.150.205.4,98,408,0,22/05/2023 06:29,R_26lPkAkbv3kMncK,,,,,,,anonymous,EN,4,59922fa30675b100014daed4,5,,,,,,,,,,,4,1,4,,,,,,,,,,,,,,,,,,,,,,,,,,,,,2,A2,B1,,5,4,2,3,1,5,4,3,3,3,5,4,4,4,2,1,2,5,4,,3.833333333,3.5,2,3,3.333333333,3.5,,2,54,3,1,,3,2,3,1,2,1,,4,
22/05/2023 05:27,22/05/2023 05:32,0,109.154.205.187,98,284,0,22/05/2023 06:29,R_2ZNDnMyQkSRGLN7,,,,,,,anonymous,EN,4,62b068dae7ce03cda27020bd,5,5,,,,1,4,,,,,,,,,,,,,,,,,,,,,,,,,,,,,,,,,,,,1,A1,B1,,5,5,5,4,2,4,4,3,4,2,5,5,4,5,1,4,5,5,5,,3.5,4.5,5,3.5,4,4.5,,2,30,4,1,,2,1,1,1,1,1,,1,
22/05/2023 05:27,22/05/2023 05:30,0,92.25.157.106,98,188,0,22/05/2023 06:29,R_3DwNYR6NKONCkmg,,,,,,,anonymous,EN,4,636546dab54e7af614936bc9,5,,,,,,,,,,,,,,,,,,,,,5,,,,1,4,,,,,,,,,,,,,,,,3,A1,B2,,4,4,5,3,1,4,3,3,4,2,4,3,2,4,2,3,5,4,3,,2.833333333,3.5,5,3,2.666666667,4,,1,28,3,1,,1,1,1,1,1,1,,1,
22/05/2023 05:26,22/05/2023 05:29,0,188.222.61.102,98,180,0,22/05/2023 06:29,R_2zdyt5DKiXAOEbO,,,,,,,anonymous,EN,4,5eba8aec7bb5c61f3282a3d7,5,,,,,,,,,,,4,2,,4,,,,,,,,,,,,,,,,,,,,,,,,,,,,2,A2,B1,,4,4,3,3,2,4,3,2,4,2,4,4,4,4,2,4,2,4,4,,3.333333333,3.75,2.5,2.5,3.333333333,4,,2,27,4,1,,2,1,3,2,,,,4,
22/05/2023 05:25,22/05/2023 05:30,0,81.159.37.63,98,309,0,22/05/2023 06:29,R_2zw43bfLY3pHMjC,,,,,,,anonymous,EN,4,60603b611654b8d7432c7883,5,4,2,,4,,,,,,,,,,,,,,,,,,,,,,,,,,,,,,,,,,,,,,1,A1,B1,,5,6,4,6,2,4,0,6,1,5,4,3,2,3,3,4,5,3,3,,3.666666667,3.5,4.5,6,2.666666667,2,,1,41,4,1,,3,1,2,1,3,1,,2,
22/05/2023 05:26,22/05/2023 05:30,0,84.68.74.115,98,236,0,22/05/2023 06:29,R_6DSfVzipHCMBFqV,,,,,,,anonymous,EN,4,5bff1c0a0ef0390001388c5f,5,,,,,,,,,,,,,,,,,,,,,4,2,,4,,,,,,,,,,,,,,,,,,3,A1,B2,,4,3,3,3,3,4,3,3,3,3,4,3,4,3,3,2,3,4,3,,3.5,3,3,3,3.333333333,3,,2,33,3,1,,3,2,2,1,2,1,,1,
22/05/2023 05:25,22/05/2023 05:28,0,82.132.233.250,98,196,0,22/05/2023 06:29,R_1Fs1AnQbII7Gv2Q,,,,,,,anonymous,EN,4,5b6af618d514a00001c9c2bf,5,4,2,,4,,,,,,,,,,,,,,,,,,,,,,,,,,,,,,,,,,,,,,1,A1,B1,,5,5,4,4,3,4,4,4,4,2,4,4,3,4,2,4,4,4,4,,3.333333333,4.25,4,4,3.666666667,4,,2,35,4,1,,3,2,2,1,3,1,,1,
22/05/2023 05:24,22/05/2023 05:28,0,90.200.38.25,98,205,0,22/05/2023 06:29,R_1LuNZpe6QdwDefx,,,,,,,anonymous,EN,4,5d3ef27c5c79a10001f817a6,5,,,,,,,,,,,5,,,,2,,4,,,,,,,,,,,,,,,,,,,,,,,,,2,A2,B1,,5,4,5,3,2,5,5,3,4,2,5,4,4,5,1,3,5,4,4,,3.5,4.25,5,3,3.333333333,4.5,,1,35,5,1,,4,2,1,1,1,1,,1,
22/05/2023 05:24,22/05/2023 05:29,0,2.223.12.68,98,260,0,22/05/2023 06:29,R_2VfkpaLS8n2ipOR,,,,,,,anonymous,EN,4,5e932b48bb285314d5ed56ba,5,,,,,,,,,,,,,,,,,,,,,4,2,,4,,,,,,,,,,,,,,,,,,3,A1,B2,,5,5,5,6,1,5,5,6,1,5,5,1,6,6,0,5,1,3,4,,4.166666667,5,3,6,1.666666667,3.5,,2,36,4,1,,2,1,3,2,,,,4,
22/05/2023 05:24,22/05/2023 05:27,0,80.194.132.255,98,171,0,22/05/2023 06:29,R_2Xp2vekKVD5X2ns,,,,,,,anonymous,EN,4,63d5624d4f5f004787f5680e,5,,,,,,,,,,,,,,,,,,,,,4,2,,4,,,,,,,,,,,,,,,,,,3,A1,B2,,4,5,3,4,2,4,2,3,5,1,5,3,4,5,1,2,3,4,4,,3,3.5,3,3.5,3,5,,1,31,4,1,,3,1,1,1,3,1,,2,
22/05/2023 05:24,22/05/2023 05:26,0,90.212.67.227,98,165,0,22/05/2023 06:29,R_2QMqeOavoIn7NCA,,,,,,,anonymous,EN,4,5aea84133ba4810001da92be,5,4,2,,4,,,,,,,,,,,,,,,,,,,,,,,,,,,,,,,,,,,,,,1,A1,B1,,5,4,5,4,1,4,4,4,4,2,5,5,4,4,2,5,5,4,5,,3.666666667,4.5,5,4,3.333333333,4,,2,31,5,1,,3,1,2,1,2,1,,2,
22/05/2023 05:24,22/05/2023 05:29,0,2.218.194.248,98,332,0,22/05/2023 06:29,R_1mEPs6dk6aw130F,,,,,,,anonymous,EN,4,5f0d11458b49e51e2fc65c83,5,,,,,,,,,,,5,,,,1,4,,,,,,,,,,,,,,,,,,,,,,,,,,2,A2,B1,,3,3,5,3,2,3,3,3,3,3,4,3,3,3,3,3,5,3,3,,3,3.25,5,3,2.666666667,3,,2,58,3,1,,2,1,1,1,1,1,,2,
22/05/2023 05:23,22/05/2023 05:29,0,86.179.72.198,98,366,0,22/05/2023 06:29,R_3O7ToriGrEXH6si,,,,,,,anonymous,EN,4,5e8a66c642701c722ee43bdd,5,,,,,,,,,,,,,,,,,,,,,,,,,,,,,,,4,2,,4,,,,,,,,4,A2,B2,,4,5,4,4,1,4,4,3,3,3,4,4,3,3,3,4,4,4,3,,3.333333333,4.25,4,3.5,3,3,,2,70,4,1,,4,2,3,2,,,,4,
22/05/2023 05:23,22/05/2023 05:27,0,81.99.57.164,98,264,0,22/05/2023 06:29,R_3HugkLbvY36tLUK,,,,,,,anonymous,EN,4,59960f1e004c4f0001cc863b,5,,,,,,,,,,,,,,,,,,,,,,,,,,,,,,,6,,,,,,,1,4,,,4,A2,B2,,3,5,5,3,3,3,5,3,4,2,5,3,2,3,3,2,5,3,4,,2.833333333,4.25,5,3,3,3.5,,2,35,4,1,,2,1,1,1,3,1,,2,
22/05/2023 05:23,22/05/2023 05:29,0,86.169.39.222,98,330,0,22/05/2023 06:29,R_1g6CYkS1uohzp6O,,,,,,,anonymous,EN,4,56051814e372c00011bd556a,5,,,,,,,,,,,,,,,,,,,,,4,2,,4,,,,,,,,,,,,,,,,,,3,A1,B2,,4,4,5,4,1,5,4,4,5,1,5,5,4,4,2,4,5,4,4,,3.333333333,4.25,5,4,3.333333333,4.5,,2,36,4,1,,2,2,1,1,1,1,,1,
22/05/2023 05:23,22/05/2023 05:26,0,86.139.10.29,98,194,0,22/05/2023 06:29,R_2dyyBTjeRhAhdMs,,,,,,,anonymous,EN,4,62fbbc69991be5aeadfc753f,5,,,,,,,,,,,4,2,,4,,,,,,,,,,,,,,,,,,,,,,,,,,,,2,A2,B1,,4,5,5,3,1,4,4,3,4,2,5,4,4,4,2,4,5,4,4,,3.333333333,4.5,5,3,3,4,,1,21,3,1,,3,1,3,1,2,1,,4,
22/05/2023 05:22,22/05/2023 05:26,0,78.105.138.9,98,226,0,22/05/2023 06:29,R_3KW5tlf8NagtWNj,,,,,,,anonymous,EN,4,599f32611bf9070001ce839a,5,,,,,,,,,,,4,1,4,,,,,,,,,,,,,,,,,,,,,,,,,,,,,2,A2,B1,,5,5,5,4,2,5,1,5,5,1,5,5,5,5,1,5,5,5,5,,3.666666667,4,5,4.5,4,5,,2,34,5,1,,3,1,1,1,1,1,,1,
22/05/2023 05:21,22/05/2023 05:25,0,79.68.117.85,98,227,0,22/05/2023 06:30,R_ZgfOwXA4iTFapdn,,,,,,,anonymous,EN,4,5997043dbbe84800017964a7,5,,,,,,,,,,,,,,,,,,,,,4,2,,4,,,,,,,,,,,,,,,,,,3,A1,B2,,5,5,4,5,2,5,5,5,4,2,5,5,5,5,1,3,4,5,4,,3.666666667,4.5,4,5,4,4.5,,2,42,3,1,,4,1,2,1,3,1,,1,great survey
22/05/2023 05:20,22/05/2023 05:27,0,86.10.103.83,98,471,0,22/05/2023 06:30,R_AiW9gvUwOjmgaCB,,,,,,,anonymous,EN,4,60feb1c076ff4ba9fcf373c7,5,,,,,,,,,,,,,,,,,,,,,5,,,,1,4,,,,,,,,,,,,,,,,3,A1,B2,,3,3,1,2,2,4,4,2,2,4,4,2,2,3,3,4,1,3,3,,3.166666667,3.75,1,2,2.333333333,2.5,,2,60,5,1,,3,1,3,2,,,,2,
22/05/2023 05:21,22/05/2023 05:24,0,86.25.206.124,98,221,0,22/05/2023 06:30,R_XoKQCzpYIHmBgGZ,,,,,,,anonymous,EN,4,5f591a5a9a49e211efead835,5,,,,,,,,,,,,,,,,,,,,,,,,,,,,,,,4,2,,4,,,,,,,,4,A2,B2,,4,5,4,3,3,5,5,3,3,3,5,3,2,4,2,5,4,5,4,,3.333333333,5,4,3,3.666666667,3.5,,2,34,4,1,,3,1,2,1,3,1,,2,
22/05/2023 05:19,22/05/2023 05:25,0,31.94.1.13,98,371,0,22/05/2023 06:30,R_22DHSuc6mTCp3n2,,,,,,,anonymous,EN,4,60eeac1ee3fb0c2fb1389f1e,5,,,,,,,,,,,,,,,,,,,,,,,,,,,,,,,4,2,,4,,,,,,,,4,A2,B2,,5,4,4,4,4,5,5,4,5,1,5,4,4,4,2,4,4,5,5,,3.666666667,4.5,4,4,4.333333333,4.5,,1,20,4,1,,3,2,3,1,3,1,,4,Everything went great!
22/05/2023 05:19,22/05/2023 05:22,0,90.213.27.73,98,198,0,22/05/2023 06:30,R_x4PBrtFTPk1epUJ,,,,,,,anonymous,EN,4,5dcc21c0a913958c073a4041,5,,,,,,,,,,,,,,,,,,,,,,,,,,,,,,,4,2,,4,,,,,,,,4,A2,B2,,4,5,4,5,1,5,3,5,5,1,6,4,5,5,1,2,2,4,5,,3.5,4,3,5,3,5,,2,68,3,1,,3,2,2,1,3,1,,2,
22/05/2023 05:19,22/05/2023 05:23,0,85.255.233.125,98,217,0,22/05/2023 06:30,R_paUrXsSmxxsTHYB,,,,,,,anonymous,EN,4,5e7f978759c243033154a18f,5,4,2,,4,,,,,,,,,,,,,,,,,,,,,,,,,,,,,,,,,,,,,,1,A1,B1,,4,3,4,2,2,4,3,2,3,3,4,3,4,3,3,3,5,4,3,,3.5,3.25,4.5,2,3,3,,2,30,4,1,,3,2,2,1,3,1,,4,
22/05/2023 05:19,22/05/2023 05:23,0,81.136.47.49,98,262,0,22/05/2023 06:30,R_2PvzFx4UDuYx67J,,,,,,,anonymous,EN,4,63d688c23553dbeed3f61e92,5,,,,,,,,,,,,,,,,,,,,,4,1,7,,,,,,,,,,,,,,,,,,,3,A1,B2,,1,3,4,3,0,1,1,1,3,3,4,1,1,1,5,1,4,4,2,,2.166666667,2.25,4,2,1.666666667,2,,1,30,4,"1,3,8",Arabic,4,1,2,2,,,,2,
22/05/2023 05:19,22/05/2023 05:26,0,86.180.130.184,98,431,0,22/05/2023 06:30,R_3QF5eH2Bht6B2J6,,,,,,,anonymous,EN,4,5d923331f688d40018fa2465,5,4,1,4,,,,,,,,,,,,,,,,,,,,,,,,,,,,,,,,,,,,,,,1,A1,B1,,4,5,5,4,4,5,4,4,4,2,5,4,4,5,1,4,5,5,5,,3.5,4.5,5,4,4.333333333,4.5,,2,67,3,1,,2,2,3,1,3,1,,4,
22/05/2023 05:18,22/05/2023 05:22,0,80.195.202.124,98,233,0,22/05/2023 06:30,R_12RP7NGyI60GAkB,,,,,,,anonymous,EN,4,5c63edd2cb937d00012d87b6,5,,,,,,,,,,,5,,,,1,4,,,,,,,,,,,,,,,,,,,,,,,,,,2,A2,B1,,4,5,4,3,3,5,4,2,4,2,4,4,3,5,1,4,4,4,4,,3.166666667,4.25,4,2.5,3.666666667,4.5,,2,46,4,1,,3,2,1,1,1,1,,2,
22/05/2023 05:18,22/05/2023 05:21,0,109.153.195.234,98,185,0,22/05/2023 06:30,R_27UwMNxABx4Mu4l,,,,,,,anonymous,EN,4,5e19945df122ed2287c2628e,5,,,,,,,,,,,4,1,4,,,,,,,,,,,,,,,,,,,,,,,,,,,,,2,A2,B1,,4,3,6,3,1,4,4,3,4,2,5,3,4,4,2,1,6,4,4,,3.333333333,3.25,6,3,2.666666667,4,,2,35,4,1,,2,1,2,1,1,1,,1,
22/05/2023 05:18,22/05/2023 05:20,0,137.44.182.86,98,170,0,22/05/2023 06:30,R_12R4sbnA1dLvPOT,,,,,,,anonymous,EN,4,5f7631d94ba6c90aec43c7f4,5,,,,,,,,,,,,,,,,,,,,,,,,,,,,,,,4,2,,4,,,,,,,,4,A2,B2,,3,4,3,3,2,3,4,3,3,3,4,2,2,4,2,3,3,4,3,,2.666666667,3.75,3,3,2.666666667,3.5,,2,33,4,1,,3,2,3,2,,,,4,
24/05/2023 10:36,24/05/2023 10:40,0,5.68.32.24,100,218,1,24/05/2023 10:40,R_1g0gxepGciBOLlz,,,,,53.5442,-1.4305,anonymous,EN,4,5d39270980ccd20015ac3ee0,5,,,,,,,,,,,,,,,,,,,,,,,,,,,,,,,4,2,,4,,,,,,,,4,A2,B2,,3,2,1,4,0,4,2,2,2,4,4,3,2,3,3,4,1,3,4,,3.333333333,3,1,3,2,2.5,,2,55,3,1,,3,3,3,2,,,,4,
24/05/2023 10:37,24/05/2023 10:40,0,31.120.197.0,100,194,1,24/05/2023 10:40,R_XsNN9KYcgGrCIPT,,,,,51.6552,-0.3879,anonymous,EN,4,60d390bf1edffb6fdd78488b,5,4,1,4,,,,,,,,,,,,,,,,,,,,,,,,,,,,,,,,,,,,,,,1,A1,B1,,4,4,5,4,4,4,4,4,4,2,5,4,2,4,2,4,5,5,4,,3,4.25,5,4,4.333333333,4,,2,24,5,1,,3,1,1,2,,,,1,
24/05/2023 10:37,24/05/2023 10:40,0,82.24.148.152,100,176,1,24/05/2023 10:40,R_9ymBgtvQRUledBT,,,,,52.6261,1.3034,anonymous,EN,4,5cf7b35927a453001e689726,5,4,1,4,,,,,,,,,,,,,,,,,,,,,,,,,,,,,,,,,,,,,,,1,A1,B1,,4,3,5,4,2,4,4,3,4,2,5,2,4,4,2,5,5,4,4,,3.333333333,4.25,5,3.5,2.666666667,4,,2,31,4,1,,3,1,2,2,,,,1,
24/05/2023 10:37,24/05/2023 10:40,0,79.76.251.165,100,220,1,24/05/2023 10:40,R_2agVdeaaJtKVCTC,,,,,52.0884,-0.7239,anonymous,EN,4,5b73536203c3340001844cc3,5,,,,,,,,,,,5,,,,2,,4,,,,,,,,,,,,,,,,,,,,,,,,,2,A2,B1,,3,4,2,4,2,4,3,3,4,2,4,4,2,4,2,3,2,4,3,,2.666666667,3.5,2,3.5,3.333333333,4,,2,50,4,1,,2,1,3,2,,,,2,
24/05/2023 10:37,24/05/2023 10:41,0,88.105.135.160,100,207,1,24/05/2023 10:41,R_12DxvoQ9rAt7wzY,,,,,52.6181,-1.1804,anonymous,EN,4,644183766b1387e7b9a7b428,5,,,,,,,,,,,,,,,,,,,,,5,,,,2,,4,,,,,,,,,,,,,,,3,A1,B2,,4,4,2,4,3,4,4,4,3,3,4,4,5,4,2,3,4,5,4,,3.666666667,3.75,3,4,4,3.5,,1,56,3,1,,3,1,3,2,,,,4,
24/05/2023 10:37,24/05/2023 10:41,0,213.122.90.243,100,249,1,24/05/2023 10:41,R_O0YDkRssz0LkHw5,,,,,53.3933,-2.1336,anonymous,EN,4,588c98cf670d6600012bd774,5,,,,,,,,,,,,,,,,,,,,,4,1,7,,,,,,,,,,,,,,,,,,,3,A1,B2,,3,5,3,4,3,4,2,2,3,3,3,3,3,3,3,3,5,4,3,,3.166666667,3.25,4,3,3.333333333,3,,2,62,5,1,,3,1,3,1,3,1,,4,
24/05/2023 10:38,24/05/2023 10:41,0,92.40.189.23,100,187,1,24/05/2023 10:41,R_03cawLU2o42EhfX,,,,,53.7999,-1.5125,anonymous,EN,4,60e00c5c7ea8b0ffbb4564d6,5,,,,,,,,,,,,,,,,,,,,,,,,,,,,,,,4,1,4,,,,,,,,,4,A2,B2,,3,6,4,3,1,4,3,3,6,0,6,3,2,4,2,2,4,4,3,,2.333333333,4.25,4,3,2.666666667,5,,2,34,5,1,,3,2,2,1,1,1,,1,
24/05/2023 10:38,24/05/2023 10:41,0,86.139.237.50,100,197,1,24/05/2023 10:41,R_sHkpFVHdEiaKPdv,,,,,52.0625,-1.3429,anonymous,EN,4,561cdc083d7fe800050f591a,5,4,1,4,,,,,,,,,,,,,,,,,,,,,,,,,,,,,,,,,,,,,,,1,A1,B1,,3,3,4,3,2,3,4,1,3,3,4,3,3,3,3,4,4,3,3,,3,3.75,4,2,2.666666667,3,,2,57,4,1,,2,1,3,2,,,,4,N/A
24/05/2023 10:38,24/05/2023 10:42,0,82.35.39.109,100,241,1,24/05/2023 10:42,R_9Z8OXgtFDnjAIyB,,,,,53.4595,-2.9538,anonymous,EN,4,54847094fdf99b0379939c8e,5,,,,,,,,,,,5,,,,2,,4,,,,,,,,,,,,,,,,,,,,,,,,,2,A2,B1,,5,5,3,4,2,5,5,3,4,2,5,4,5,4,2,3,3,3,4,,3.833333333,4.5,3,3.5,3,4,,2,61,4,1,,3,2,3,2,,,,4,
24/05/2023 10:39,24/05/2023 10:42,0,86.185.255.115,100,146,1,24/05/2023 10:42,R_1PbFWAeurUcfYzZ,,,,,53.7542,-2.8301,anonymous,EN,4,5cabd60c4311a70001cfcc14,5,4,1,4,,,,,,,,,,,,,,,,,,,,,,,,,,,,,,,,,,,,,,,1,A1,B1,,5,5,5,5,1,5,5,5,5,1,5,4,3,5,1,5,5,5,5,,3.333333333,5,5,5,3.333333333,5,,1,30,4,1,,3,1,1,1,1,1,,1,
24/05/2023 10:37,24/05/2023 10:42,0,77.102.53.163,100,290,1,24/05/2023 10:42,R_1ilekiORAzDC1og,,,,,51.6138,-0.0512,anonymous,EN,4,607be962688dfb9c1aea6cba,5,4,1,4,,,,,,,,,,,,,,,,,,,,,,,,,,,,,,,,,,,,,,,1,A1,B1,,3,4,3,4,3,4,3,4,4,2,4,4,4,4,2,3,2,4,4,,3.166666667,3.5,2.5,4,3.666666667,4,,2,66,3,1,,2,2,3,2,,,,4,
24/05/2023 10:36,24/05/2023 10:42,0,78.86.128.170,100,334,1,24/05/2023 10:42,R_vHpLDKlKUuhjP45,,,,,51.4964,-0.1224,anonymous,EN,4,63c81611b29df444548a099e,5,,,,,,,,,,,4,2,,4,,,,,,,,,,,,,,,,,,,,,,,,,,,,2,A2,B1,,4,3,5,2,1,4,4,4,4,2,4,4,4,4,2,3,4,5,5,,3.5,3.5,4.5,3,3.333333333,4,,2,29,4,1,,2,2,1,1,1,1,,1,
24/05/2023 10:36,24/05/2023 10:42,0,92.40.181.141,100,355,1,24/05/2023 10:42,R_2Tq9aktEnlSxlNu,,,,,53.4802,-2.1867,anonymous,EN,4,5a67da5231b87a0001c7405b,5,,,,,,,,,,,,,,,,,,,,,,,,,,,,,,,4,2,,4,,,,,,,,4,A2,B2,,4,5,5,4,3,4,4,2,4,2,5,4,2,4,2,4,5,4,4,,3,4.5,5,3,3.666666667,4,,2,DATA_EXPIRED,4,1,,1,1,2,1,1,1,,1,
24/05/2023 10:38,24/05/2023 10:42,0,2.101.213.207,100,250,1,24/05/2023 10:42,R_1Ioa8xRC4U22IpH,,,,,51.3432,-0.7893,anonymous,EN,4,643fea27139e462ddf18bf9d,5,,,,,,,,,,,,,,,,,,,,,4,2,,4,,,,,,,,,,,,,,,,,,3,A1,B2,,4,5,4,3,2,4,3,4,4,2,5,4,3,4,2,3,2,5,4,,3.166666667,4,3,3.5,3.666666667,4,,2,54,3,1,,3,2,2,2,,,,2,I found that very interesting! 
24/05/2023 10:39,24/05/2023 10:43,0,78.146.128.236,100,236,1,24/05/2023 10:43,R_2af33XKZuSE0BIu,,,,,51.4895,-2.509,anonymous,EN,4,5ebe9ba752363c05058883d8,5,,,,,,,,,,,,,,,,,,,,,4,2,,4,,,,,,,,,,,,,,,,,,3,A1,B2,,4,5,4,4,3,4,4,4,4,2,5,4,2,4,2,4,2,4,4,,3,4.5,3,4,3.666666667,4,,2,32,4,1,,2,1,3,2,,,,4,
24/05/2023 10:39,24/05/2023 10:43,0,90.202.253.130,100,223,1,24/05/2023 10:43,R_3scsuxaGTVqrqLX,,,,,53.4595,-2.9538,anonymous,EN,4,59d3d4c1e59146000112e4a5,5,,,,,,,,,,,,,,,,,,,,,,,,,,,,,,,4,1,4,,,,,,,,,4,A2,B2,,2,3,5,2,1,4,3,2,3,3,3,3,2,3,3,1,5,3,3,,2.833333333,2.5,5,2,2.333333333,3,,2,30,5,1,,3,2,2,1,2,1,,2,
24/05/2023 10:38,24/05/2023 10:43,0,86.178.60.186,100,316,1,24/05/2023 10:43,R_1jNRuaSGFXxxGtW,,,,,53.0477,-2.378,anonymous,EN,4,63c9228431382693b06fdc4a,5,,,,,,,,,,,5,,,,2,,4,,,,,,,,,,,,,,,,,,,,,,,,,2,A2,B1,,4,5,2,3,3,4,4,4,4,2,4,4,4,3,3,2,2,3,3,,3.333333333,3.75,2,3.5,3.333333333,3.5,,1,62,5,1,,3,2,2,1,3,1,,2,
24/05/2023 10:39,24/05/2023 10:44,0,86.18.13.234,100,321,1,24/05/2023 10:44,R_yQ6Ku2xERGIMCM9,,,,,53.5553,-0.1191,anonymous,EN,4,5eed2e5c2c93d5142aa8fc0e,5,,,,,,,,,,,5,,,,1,4,,,,,,,,,,,,,,,,,,,,,,,,,,2,A2,B1,,5,3,4,1,5,4,3,4,1,5,6,1,5,5,1,3,6,6,4,,4,3.75,5,2.5,4,3,,2,47,4,"1,8",latin and ancient norse,2,1,1,1,1,1,,2,thanks for the money guys im going to buy beans with it lmao
24/05/2023 10:40,24/05/2023 10:44,0,86.185.194.215,100,266,1,24/05/2023 10:44,R_1eEu9Euep0fq4xf,,,,,53.7573,-2.7236,anonymous,EN,4,63469f35701f6b1eb1e76b1f,5,,,,,,,,,,,,,,,,,,,,,4,2,,4,,,,,,,,,,,,,,,,,,3,A1,B2,,4,5,4,5,2,5,4,3,3,3,5,4,3,4,2,2,5,4,4,,3.5,4,4.5,4,3.333333333,3.5,,1,53,5,1,,3,3,1,1,1,1,,1,
24/05/2023 10:40,24/05/2023 10:44,0,82.12.61.242,100,285,1,24/05/2023 10:44,R_3Oa3yT4cnwFGP73,,,,,52.6513,-1.0876,anonymous,EN,4,6295c4a4616208b2b7839728,5,,,,,,,,,,,4,2,,4,,,,,,,,,,,,,,,,,,,,,,,,,,,,2,A2,B1,,4,4,4,3,3,4,4,3,3,3,5,4,3,3,3,4,2,4,4,,3.5,4.25,3,3,3.666666667,3,,2,60,4,1,,2,2,2,2,,,,2,
24/05/2023 10:39,24/05/2023 10:45,0,80.43.216.38,100,393,1,24/05/2023 10:46,R_1pA3162n2OOMXta,,,,,53.0806,-2.1331,anonymous,EN,4,63bec04d2b8d97e74aaa44b9,5,,,,,,,,,,,4,2,,4,,,,,,,,,,,,,,,,,,,,,,,,,,,,2,A2,B1,,4,3,4,5,2,4,4,3,4,2,4,2,2,4,2,2,4,3,4,,3,3.25,4,4,2.333333333,4,,1,69,4,1,,3,2,3,1,3,1,,4,
24/05/2023 10:38,24/05/2023 10:48,0,90.219.140.151,100,545,1,24/05/2023 10:48,R_2wsOoNoWLVLOGNW,,,,,53.3793,-1.4602,anonymous,EN,4,604a5a451dc118c74850eb82,5,,,,,,,,,,,,,,,,,,,,,4,1,9,,,,,,,,,,,,,,,,,,,3,A1,B2,,2,2,5,3,2,2,2,3,2,4,1,3,2,2,4,4,5,2,3,,2.833333333,2.25,5,3,2.333333333,2,,1,54,5,1,,2,2,2,1,1,1,,1,
24/05/2023 10:47,24/05/2023 10:53,0,188.31.136.201,100,380,1,24/05/2023 10:53,R_PYxqyZ7GkO2eROx,,,,,54.9735,-1.5673,anonymous,EN,4,5fb3d0c3f2ff18016df4934d,5,4,2,,4,,,,,,,,,,,,,,,,,,,,,,,,,,,,,,,,,,,,,,1,A1,B1,,5,6,3,5,2,5,5,5,5,1,4,5,5,5,1,4,1,5,5,,3.666666667,4.75,2,5,4,5,,1,44,4,1,,3,2,2,1,1,1,,1,
24/05/2023 10:55,24/05/2023 11:02,0,2.124.217.158,100,372,1,24/05/2023 11:02,R_23fvmIM6yXueBHO,,,,,52.482,-1.9788,anonymous,EN,4,611a408e92dfb0034f73959f,5,,,,,,,,,,,,,,,,,,,,,4,2,,4,,,,,,,,,,,,,,,,,,3,A1,B2,,4,4,4,4,2,4,4,4,4,2,5,4,2,4,2,4,5,5,4,,3,4.25,4.5,4,3.666666667,4,,2,20,3,1,,3,3,2,1,2,1,,4,
24/05/2023 10:44,24/05/2023 10:55,0,5.71.154.189,98,650,0,24/05/2023 11:08,R_1l65jz5FZAo6ScB,,,,,,,anonymous,EN,4,5cc58b603b1b1c0001f9db5f,5,,,,,,,,,,,4,2,,4,,,,,,,,,,,,,,,,,,,,,,,,,,,,2,A2,B1,,4,3,3,3,2,5,4,3,3,3,3,3,5,4,2,3,3,4,5,,4,3.25,3,3,3,3.5,,2,53,4,1,,2,2,3,2,,,,4,
24/05/2023 10:40,24/05/2023 10:46,0,92.8.248.111,98,388,0,24/05/2023 11:08,R_1nOSuYA7VCt93hL,,,,,,,anonymous,EN,4,5c38dd724267210001b86a7b,5,,,,,,,,,,,,,,,,,,,,,6,,,,,,,2,,4,,,,,,,,,,,,3,A1,B2,,4,5,5,3,2,4,3,3,3,3,2,3,5,4,2,3,5,4,4,,3.666666667,3.25,5,3,3,3.5,,2,31,3,1,,2,1,1,1,1,1,,1,
24/05/2023 10:41,24/05/2023 10:46,0,78.149.222.209,98,296,0,24/05/2023 11:08,R_29t6kvHcYwwj3ps,,,,,,,anonymous,EN,4,5d5ab7dd5c65830001b05441,5,,,,,,,,,,,,,,,,,,,,,,,,,,,,,,,4,1,4,,,,,,,,,4,A2,B2,,4,4,4,4,2,4,4,2,4,2,5,4,4,4,2,4,2,4,4,,3.333333333,4.25,3,3,3.333333333,4,,2,36,3,1,,3,1,3,1,3,1,,2,
24/05/2023 10:41,24/05/2023 10:53,0,109.152.73.63,98,706,0,24/05/2023 11:08,R_3rXX2kUecB4gk4p,,,,,,,anonymous,EN,4,641cc2d4e2e2c0237d66d754,5,,,,,,,,,,,4,2,,4,,,,,,,,,,,,,,,,,,,,,,,,,,,,2,A2,B1,,4,5,5,5,2,4,5,5,4,2,5,5,3,4,2,4,5,3,5,,3.333333333,4.75,5,5,3.333333333,4,,2,66,3,1,,3,1,1,1,1,1,,2,Ive had both good and bad experiences of using Alexa. Ive heard many of my family shouting atan Alexa for getting answers to questions that were totally different to what they were asking so I know Im not the only one. I generally find that and Sirito be useful tools though. I use for timers and weather forecasts along with getting recipes and film information. On the whole I think they do more things right than wrong but can misinterpret what youre asking.   
24/05/2023 10:40,24/05/2023 10:48,0,90.247.81.132,98,478,0,24/05/2023 11:08,R_28GMsC09pn64YJ3,,,,,,,anonymous,EN,4,5c871ab7de75d4001602869d,5,,,,,,,,,,,,,,,,,,,,,4,2,,4,,,,,,,,,,,,,,,,,,3,A1,B2,,4,4,5,4,3,4,4,3,4,2,3,4,3,4,2,3,5,4,4,,3.166666667,3.5,5,3.5,3.666666667,4,,1,60,4,1,,1,1,1,1,3,1,,2,
24/05/2023 10:39,24/05/2023 10:43,0,92.238.242.168,98,210,0,24/05/2023 11:08,R_2B37ar2BvtiID4L,,,,,,,anonymous,EN,4,6007421356226920359b5f3e,5,,,,,,,,,,,5,,,,1,4,,,,,,,,,,,,,,,,,,,,,,,,,,2,A2,B1,,4,4,3,3,2,3,4,3,2,4,5,3,4,3,3,3,2,3,2,,3.333333333,4,2.5,3,2.666666667,2.5,,1,31,4,1,,2,1,2,1,3,1,,3,
24/05/2023 10:39,24/05/2023 10:43,0,80.195.19.64,98,252,0,24/05/2023 11:08,R_3oHOYtZWhC8GbdV,,,,,,,anonymous,EN,4,603b6d6bbabbb5825dfc069d,5,,,,,,,,,,,,,,,,,,,,,,,,,,,,,,,4,2,,4,,,,,,,,4,A2,B2,,3,4,4,4,3,4,4,3,4,2,4,4,3,4,2,3,5,5,4,,3,3.75,4.5,3.5,4,4,,2,55,3,1,,4,1,3,1,3,1,,1,
24/05/2023 10:39,24/05/2023 10:53,0,82.163.196.122,98,815,0,24/05/2023 11:08,R_2vjsi1X09i0I50A,,,,,,,anonymous,EN,4,63f7c075ed11efc649b7b230,5,6,,,,,,,1,4,,,,,,,,,,,,,,,,,,,,,,,,,,,,,,,,,1,A1,B1,,4,4,4,4,3,3,4,3,4,2,4,3,4,4,2,4,4,3,4,,3.166666667,4,4,3.5,3,4,,2,28,4,1,,1,1,2,1,2,1,,1,
24/05/2023 10:39,24/05/2023 10:43,0,82.132.247.26,98,263,0,24/05/2023 11:08,R_pAADYcN2YXHtZ0B,,,,,,,anonymous,EN,4,5f50e3d60305bb088998b766,5,,,,,,,,,,,4,2,,4,,,,,,,,,,,,,,,,,,,,,,,,,,,,2,A2,B1,,5,4,4,3,3,5,4,3,4,2,4,3,2,5,1,3,2,5,4,,3.166666667,3.75,3,3,3.666666667,4.5,,2,31,5,1,,4,2,3,2,,,,4,
24/05/2023 10:39,24/05/2023 10:45,0,79.70.84.193,98,365,0,24/05/2023 11:08,R_1ODJR68QRttxay4,,,,,,,anonymous,EN,4,5d692cf290cade0018695dfb,5,,,,,,,,,,,,,,,,,,,,,,,,,,,,,,,4,1,4,,,,,,,,,4,A2,B2,,2,3,4,3,3,3,2,3,2,4,3,3,3,2,4,3,4,4,2,,3,2.75,4,3,3.333333333,2,,1,64,3,1,,3,1,2,1,3,1,,1,
24/05/2023 10:39,24/05/2023 10:55,0,86.172.102.255,98,942,0,24/05/2023 11:08,R_2pRDWjAqXvQoIJZ,,,,,,,anonymous,EN,4,5b255d17a7cee100011d8551,5,4,1,4,,,,,,,,,,,,,,,,,,,,,,,,,,,,,,,,,,,,,,,1,A1,B1,,6,5,4,2,1,5,4,2,3,3,5,3,4,4,2,4,4,4,4,,4,4.5,4,2,2.666666667,3.5,,2,34,4,1,,3,2,2,1,1,1,,2,
24/05/2023 10:39,24/05/2023 10:42,0,90.215.51.9,98,183,0,24/05/2023 11:09,R_3xw04zQ87BUll0R,,,,,,,anonymous,EN,4,5d86df0f33ac610001de1f2a,5,,,,,,,,,,,,,,,,,,,,,,,,,,,,,,,4,2,,4,,,,,,,,4,A2,B2,,4,4,1,3,1,4,5,3,4,2,5,1,4,3,3,4,1,4,4,,3.5,4.5,1,3,2,3.5,,1,34,4,1,,3,2,2,2,,,,1,
24/05/2023 10:39,24/05/2023 10:43,0,86.149.160.134,98,206,0,24/05/2023 11:09,R_32PkDh3h5J4Cl4P,,,,,,,anonymous,EN,4,5dd50a444412f1000e724c1d,5,,,,,,,,,,,,,,,,,,,,,,,,,,,,,,,6,,,,,,,2,,4,,4,A2,B2,,6,6,4,4,2,6,5,4,4,2,6,5,5,5,1,5,1,6,6,,4.333333333,5.5,2.5,4,4.333333333,4.5,,2,45,4,1,,3,2,2,2,,,,2,Great survey 
24/05/2023 10:39,24/05/2023 10:41,0,88.104.224.198,98,138,0,24/05/2023 11:09,R_1PXdfbkWtg4SQWA,,,,,,,anonymous,EN,4,6127c89a145f6be7b6527daa,5,,,,,,,,,,,,,,,,,,,,,4,1,7,,,,,,,,,,,,,,,,,,,3,A1,B2,,5,2,3,3,2,2,2,3,3,3,2,3,2,2,4,2,2,3,2,,3,2,2.5,3,2.666666667,2.5,,2,34,4,1,,3,1,3,2,,,,4,
24/05/2023 10:39,24/05/2023 10:42,0,90.193.150.187,98,201,0,24/05/2023 11:09,R_qyBmwKCfRdXLVu1,,,,,,,anonymous,EN,4,5d13a2e69cda8200162b5133,5,4,1,4,,,,,,,,,,,,,,,,,,,,,,,,,,,,,,,,,,,,,,,1,A1,B1,,5,4,5,3,1,5,4,4,4,2,4,4,5,4,2,3,4,3,4,,3.833333333,3.75,4.5,3.5,2.666666667,4,,1,30,4,1,,2,2,2,1,3,1,,1,
24/05/2023 10:38,24/05/2023 10:41,0,86.138.195.249,98,177,0,24/05/2023 11:09,R_d7jJFUYtXOBUScN,,,,,,,anonymous,EN,4,640b2231806f6ab5bb3f6cc8,5,,,,,,,,,,,,,,,,,,,,,,,,,,,,,,,6,,,,,,,2,,4,,4,A2,B2,,5,6,5,6,1,6,0,4,6,0,6,6,4,5,1,0,1,6,4,,3.333333333,3,3,5,4.333333333,5.5,,1,18,3,1,,2,1,2,1,3,1,,4,
24/05/2023 10:38,24/05/2023 10:42,0,81.141.85.142,98,212,0,24/05/2023 11:09,R_9zz5U6I57ct0p6p,,,,,,,anonymous,EN,4,5ebc5a069b10640789d5bc09,5,,,,,,,,,,,6,,,,,,,1,4,,,,,,,,,,,,,,,,,,,,,,,2,A2,B1,,4,4,4,3,3,4,3,3,4,2,4,3,4,4,2,4,4,4,4,,3.333333333,3.75,4,3,3.333333333,4,,1,31,5,1,,3,2,1,1,3,1,,2,
24/05/2023 10:38,24/05/2023 10:40,0,86.131.59.140,98,132,0,24/05/2023 11:09,R_ekvuEX6nurtyqYN,,,,,,,anonymous,EN,4,60d8846611de12602ed2b700,5,4,1,4,,,,,,,,,,,,,,,,,,,,,,,,,,,,,,,,,,,,,,,1,A1,B1,,4,4,5,4,2,4,3,4,4,2,5,4,4,4,2,2,4,3,2,,3,3.5,4.5,4,3,4,,2,26,5,1,,2,2,3,1,3,1,,2,
24/05/2023 10:38,24/05/2023 10:40,0,176.24.223.137,98,142,0,24/05/2023 11:09,R_pgSCWQ69x3mEHm1,,,,,,,anonymous,EN,4,5e1349de814bba97b490a241,5,,,,,,,,,,,,,,,,,,,,,,,,,,,,,,,4,1,4,,,,,,,,,4,A2,B2,,4,3,4,3,2,4,4,2,4,2,4,2,2,4,2,3,4,4,4,,3,3.5,4,2.5,2.666666667,4,,2,40,4,1,,3,2,3,2,,,,4,
24/05/2023 10:38,24/05/2023 10:44,0,81.102.72.203,98,351,0,24/05/2023 11:09,R_80QbCdEj6fPNySt,,,,,,,anonymous,EN,4,6147475c5732d9ec37ac208a,5,,,,,,,,,,,4,2,,4,,,,,,,,,,,,,,,,,,,,,,,,,,,,2,A2,B1,,4,4,2,3,1,4,3,1,2,4,4,2,2,2,4,4,2,4,4,,3.666666667,3.75,2,2,2.333333333,2,,2,29,5,"1,3",,3,1,3,2,,,,3,"For info, I've been totally put off using AI technologies (if I realise I'm using it) after reading Zuboff's book on digital surveillance. "
24/05/2023 10:38,24/05/2023 10:42,0,2.123.10.118,98,260,0,24/05/2023 11:09,R_3p54PWinM3GD2OI,,,,,,,anonymous,EN,4,614d049504f75f232bf33847,5,4,2,,4,,,,,,,,,,,,,,,,,,,,,,,,,,,,,,,,,,,,,,1,A1,B1,,5,5,5,5,2,5,5,5,5,1,5,5,4,5,1,5,5,5,5,,3.5,5,5,5,4,5,,2,28,4,1,,2,1,1,1,1,1,,1,
24/05/2023 10:38,24/05/2023 10:40,0,81.145.156.84,98,163,0,24/05/2023 11:09,R_pR9JUQxdNmMrxEB,,,,,,,anonymous,EN,4,CBQKRC0D,5,4,1,4,,,,,,,,,,,,,,,,,,,,,,,,,,,,,,,,,,,,,,,1,A1,B1,,4,5,4,3,2,4,0,3,3,3,6,3,4,3,3,4,3,4,4,,3.666666667,3.75,3.5,3,3,3,,#N/A,#N/A,5,1,,2,1,3,1,3,1,,2,
24/05/2023 10:38,24/05/2023 10:43,0,94.192.171.95,98,320,0,24/05/2023 11:10,R_w5iz6aPGIV7VirD,,,,,,,anonymous,EN,4,640a0d99256fc2401b1c122f,5,,,,,,,,,,,,,,,,,,,,,4,2,,4,,,,,,,,,,,,,,,,,,3,A1,B2,,4,4,4,5,2,4,4,3,4,2,4,5,4,4,2,3,4,4,4,,3.333333333,3.75,4,4,3.666666667,4,,2,54,4,1,,2,2,2,1,3,1,,1,
24/05/2023 10:38,24/05/2023 10:41,0,77.102.36.97,98,187,0,24/05/2023 11:10,R_2toijdyokfc6G9N,,,,,,,anonymous,EN,4,5f2b24c4224df7527baee383,5,,,,,,,,,,,,,,,,,,,,,,,,,,,,,,,4,2,,4,,,,,,,,4,A2,B2,,6,6,6,5,3,5,4,5,5,1,5,5,6,5,1,3,6,6,6,,4.166666667,4.5,6,5,4.666666667,5,,2,22,4,1,,3,1,2,1,2,1,,4,
24/05/2023 10:38,24/05/2023 10:42,0,80.7.229.12,98,265,0,24/05/2023 11:10,R_ABAttIyvyrCNhUR,,,,,,,anonymous,EN,4,5be92895d153f500019ac31c,5,,,,,,,,,,,,,,,,,,,,,4,2,,4,,,,,,,,,,,,,,,,,,3,A1,B2,,4,4,3,3,3,3,4,3,3,3,3,3,3,3,3,3,3,4,3,,3.166666667,3.5,3,3,3.333333333,3,,1,26,5,"1,3",,3,1,3,1,4,1,,4,I was a bit confused with mammoths being at the zoo
24/05/2023 10:38,24/05/2023 10:41,0,90.200.189.153,98,172,0,24/05/2023 11:10,R_2sdpS2zF1Du7dDu,,,,,,,anonymous,EN,4,63d0fef5cd04f23dec2f8d51,5,4,2,,4,,,,,,,,,,,,,,,,,,,,,,,,,,,,,,,,,,,,,,1,A1,B1,,4,5,4,3,3,4,3,3,3,3,5,2,2,4,2,4,4,3,4,,3.166666667,4.25,4,3,2.666666667,3.5,,2,46,4,1,,1,1,1,1,1,1,,4,
24/05/2023 10:38,24/05/2023 10:44,0,81.154.232.42,98,363,0,24/05/2023 11:10,R_3JLfpwO9J0kIYrG,,,,,,,anonymous,EN,4,58a89e40e6afe00001d36058,5,,,,,,,,,,,,,,,,,,,,,6,,,,,,,2,,4,,,,,,,,,,,,3,A1,B2,,4,5,1,3,2,3,3,3,3,3,4,3,4,3,3,3,1,3,3,,3.333333333,3.75,1,3,2.666666667,3,,1,74,4,1,,2,2,3,2,,,,4,58a89e40e6afe00001d36058
24/05/2023 10:38,24/05/2023 10:41,0,149.241.218.106,98,230,0,24/05/2023 11:10,R_O3c8d3bedQvGsYF,,,,,,,anonymous,EN,4,5e3f63305ed1321be26ea5fe,5,,,,,,,,,,,4,2,,4,,,,,,,,,,,,,,,,,,,,,,,,,,,,2,A2,B1,,4,5,3,3,1,4,4,3,4,2,5,3,3,4,2,3,4,4,5,,3.333333333,4.25,3.5,3,2.666666667,4,,2,28,4,1,,4,2,3,2,,,,2,
24/05/2023 10:37,24/05/2023 10:45,0,81.157.155.21,98,479,0,24/05/2023 11:10,R_3PcNVPG16r8iZuN,,,,,,,anonymous,EN,4,56bb120a724769000cb7462b,5,4,1,4,,,,,,,,,,,,,,,,,,,,,,,,,,,,,,,,,,,,,,,1,A1,B1,,4,5,4,5,1,4,3,2,4,2,5,4,5,3,3,2,5,4,4,,3.666666667,3.75,4.5,3.5,3,3.5,,2,51,4,1,,2,2,3,2,,,,2,all worked well 
24/05/2023 10:37,24/05/2023 10:41,0,90.248.199.4,98,234,0,24/05/2023 11:10,R_2o6kbsvA8aIyKhX,,,,,,,anonymous,EN,4,646a1715ccac4d6310bd5416,5,,,,,,,,,,,,,,,,,,,,,4,1,7,,,,,,,,,,,,,,,,,,,3,A1,B2,,4,4,4,3,1,4,3,3,3,3,4,4,3,4,2,3,4,2,3,,3.166666667,3.5,4,3,2.333333333,3.5,,1,48,4,1,,2,2,1,1,1,1,,2,
24/05/2023 10:37,24/05/2023 10:43,0,81.158.87.146,98,315,0,24/05/2023 11:10,R_2b4a7H0ugpc4hwq,,,,,,,anonymous,EN,4,5f4d28Muriel59bb28ad0f93bac7be ,5,,,,,,,,,,,4,1,4,,,,,,,,,,,,,,,,,,,,,,,,,,,,,2,A2,B1,,2,3,2,3,2,4,4,2,4,2,3,4,3,4,2,3,1,4,4,,2.833333333,3.25,1.5,2.5,3.333333333,4,,#N/A,#N/A,4,1,,3,1,3,2,,,,4,
24/05/2023 10:37,24/05/2023 10:41,0,2.221.133.27,98,232,0,24/05/2023 11:10,R_2w5O4fXEz0685qZ,,,,,,,anonymous,EN,4,6400dce71ff3b4a5f13f34d9,5,,,,,,,,,,,,,,,,,,,,,,,,,,,,,,,4,2,,4,,,,,,,,4,A2,B2,,4,6,2,3,1,4,4,3,3,3,5,5,2,4,2,4,2,4,4,,3.166666667,4.75,2,3,3.333333333,3.5,,2,23,4,1,,3,2,2,1,2,1,,1,
24/05/2023 10:37,24/05/2023 10:43,0,46.208.234.53,98,346,0,24/05/2023 11:10,R_237YdhgUjm4AFTd,,,,,,,anonymous,EN,4,5e3e8306f5f3e50dedf05fbb,5,,,,,,,,,,,,,,,,,,,,,,,,,,,,,,,6,,,,,,,1,4,,,4,A2,B2,,6,6,4,1,1,1,3,1,1,5,6,6,3,1,5,0,4,6,1,,3.5,3.75,4,1,4.333333333,1,,1,58,4,1,,2,1,3,2,,,,4,We need to  properly educate humans.
24/05/2023 10:37,24/05/2023 10:44,0,2.222.155.138,98,431,0,24/05/2023 11:10,R_25T4lP8o8mNCFnv,,,,,,,anonymous,EN,4,5e514faa677c10178f72d490,5,,,,,,,,,,,,,,,,,,,,,4,2,,4,,,,,,,,,,,,,,,,,,3,A1,B2,,5,5,5,5,1,5,3,5,4,2,5,3,5,5,1,2,5,5,5,,3.833333333,3.75,5,5,3,4.5,,2,33,4,1,,2,2,1,1,1,1,,1,
24/05/2023 10:37,24/05/2023 10:40,0,86.4.222.251,98,223,0,24/05/2023 11:10,R_1IBs26CL9jUtGk5,,,,,,,anonymous,EN,4,5e9f568ed526b20e76977cad,5,,,,,,,,,,,,,,,,,,,,,,,,,,,,,,,5,,,,1,4,,,,,,4,A2,B2,,5,6,5,3,2,4,2,1,4,2,6,4,3,4,2,3,5,5,4,,3.333333333,4.25,5,2,3.666666667,4,,2,43,4,1,,3,2,2,1,3,1,,1,
24/05/2023 10:37,24/05/2023 10:39,0,86.133.152.146,98,115,0,24/05/2023 11:10,R_5ub2RjHOkx8Znjj,,,,,,,anonymous,EN,4,5c7ec9bee3be8f001645078a,5,,,,,,,,,,,,,,,,,,,,,,,,,,,,,,,4,2,,4,,,,,,,,4,A2,B2,,1,4,4,1,1,2,1,1,1,5,3,1,1,1,5,2,1,1,1,,2.5,2.5,2.5,1,1,1,,1,37,4,1,,3,1,3,2,,,,4,
24/05/2023 10:37,24/05/2023 10:40,0,86.28.246.241,98,168,0,24/05/2023 11:10,R_1ihepQNDDnnTIBq,,,,,,,anonymous,EN,4,5f04dc9fb117c31680c1a4f5,5,,,,,,,,,,,,,,,,,,,,,4,2,,4,,,,,,,,,,,,,,,,,,3,A1,B2,,2,3,3,3,2,3,3,3,3,3,3,2,2,3,3,3,4,3,3,,2.666666667,3,3.5,3,2.333333333,3,,2,36,4,1,,2,2,2,1,2,1,,2,
24/05/2023 10:37,24/05/2023 10:42,0,151.224.251.206,98,311,0,24/05/2023 11:10,R_rrKWlkLu6k8JZeh,,,,,,,anonymous,EN,4,5d6aeb16f7ee1a0019a1f406,5,,,,,,,,,,,,,,,,,,,,,4,1,7,,,,,,,,,,,,,,,,,,,3,A1,B2,,4,3,4,4,1,2,4,3,2,4,3,4,2,3,3,2,4,4,2,,2.833333333,3,4,3.5,3,2.5,,2,38,4,1,,2,1,1,1,1,1,,1,
24/05/2023 10:37,24/05/2023 10:40,0,2.98.139.225,98,171,0,24/05/2023 11:10,R_1CBf2b1Dq7FcgoK,,,,,,,anonymous,EN,4,5c1035693ee1040001e4187d,5,,,,,,,,,,,4,2,,4,,,,,,,,,,,,,,,,,,,,,,,,,,,,2,A2,B1,,4,4,2,4,2,4,4,2,3,3,3,4,3,4,2,3,2,3,3,,3.166666667,3.5,2,3,3,3.5,,1,33,4,1,,4,2,3,2,,,,4,
24/05/2023 10:37,24/05/2023 10:42,0,5.68.105.90,98,294,0,24/05/2023 11:10,R_3s1xtHjI8Zw6cCz,,,,,,,anonymous,EN,4,5fad74db5cdcd70beb72b777,5,5,,,,2,,4,,,,,,,,,,,,,,,,,,,,,,,,,,,,,,,,,,,1,A1,B1,,2,3,3,3,2,2,3,2,2,4,4,2,1,2,4,2,3,3,3,,2.666666667,3,3,2.5,2.333333333,2,,2,38,3,1,,3,2,3,2,,,,2,
24/05/2023 10:37,24/05/2023 10:41,0,84.71.201.246,98,272,0,24/05/2023 11:10,R_1M5M9i7p4O6zFSR,,,,,,,anonymous,EN,4,5ced93a3f0e9da0017902946,5,6,,,,,,,2,,4,,,,,,,,,,,,,,,,,,,,,,,,,,,,,,,,1,A1,B1,,4,5,4,4,3,4,5,6,2,4,5,2,1,4,2,5,4,4,3,,3,5,4,5,3,3,,2,52,4,1,,2,1,3,1,2,1,,4,
24/05/2023 10:36,24/05/2023 10:38,0,82.43.158.177,98,98,0,24/05/2023 11:10,R_T7QygDdgtT4aEY9,,,,,,,anonymous,EN,4,603a22c4ca68cf536c9f9f25,5,,,,,,,,,,,4,2,,4,,,,,,,,,,,,,,,,,,,,,,,,,,,,2,A2,B1,,4,5,5,5,2,5,4,4,5,1,5,4,4,4,2,3,5,4,5,,3.5,4.25,5,4.5,3.333333333,4.5,,2,23,4,1,,4,2,1,1,1,1,,1,
24/05/2023 10:36,24/05/2023 10:40,0,2.98.96.29,98,231,0,24/05/2023 11:10,R_3rSqSofId8Uc4gB,,,,,,,anonymous,EN,4,56a7da16c89737000b22953c,5,,,,,,,,,,,4,2,,4,,,,,,,,,,,,,,,,,,,,,,,,,,,,2,A2,B1,,4,4,4,3,1,4,4,3,4,2,5,4,2,4,2,3,4,4,4,,3,4,4,3,3,4,,2,60,4,1,,3,2,3,1,3,1,,2,
24/05/2023 10:36,24/05/2023 10:40,0,90.210.233.21,98,244,0,24/05/2023 11:10,R_3NV67Yvw8DvNTDz,,,,,,,anonymous,EN,4,613cad2dd84677679cbf4fc3,5,,,,,,,,,,,4,2,,4,,,,,,,,,,,,,,,,,,,,,,,,,,,,2,A2,B1,,5,5,5,5,5,4,5,3,5,1,5,5,2,4,2,5,5,5,5,,3.166666667,5,5,4,5,4.5,,2,36,4,1,,3,2,1,1,1,1,,1,Very good
24/05/2023 10:36,24/05/2023 10:42,0,150.143.188.176,98,337,0,24/05/2023 11:10,R_22AppkwO61z7MTA,,,,,,,anonymous,EN,4,5f5942abe280e617477ff75f,5,,,,,,,,,,,,,,,,,,,,,,,,,,,,,,,5,,,,2,,4,,,,,4,A2,B2,,2,4,4,2,2,3,3,3,2,4,3,2,3,2,4,3,4,3,4,,3.333333333,3.25,4,2.5,2.333333333,2,,2,32,4,"1,4",,3,3,3,2,,,,2,
24/05/2023 10:36,24/05/2023 10:41,0,92.4.108.126,98,285,0,24/05/2023 11:10,R_3p5yar4tfbvEPtr,,,,,,,anonymous,EN,4,614715e9a44235bb3667bcc4,5,4,2,,4,,,,,,,,,,,,,,,,,,,,,,,,,,,,,,,,,,,,,,1,A1,B1,,4,5,5,4,3,4,4,4,5,1,5,4,4,4,2,3,5,5,4,,3.166666667,4.25,5,4,4,4.5,,2,34,3,1,,3,1,2,1,1,1,,1,
24/05/2023 10:36,24/05/2023 10:38,0,92.40.147.252,98,100,0,24/05/2023 11:10,R_3R2xHSgNdjkwbp7,,,,,,,anonymous,EN,4,5648eab220453f0012c5ad80,5,,,,,,,,,,,4,1,4,,,,,,,,,,,,,,,,,,,,,,,,,,,,,2,A2,B1,,5,3,5,4,3,4,4,4,4,2,3,4,5,4,2,4,6,3,3,,3.5,3.5,5.5,4,3.333333333,4,,1,28,5,1,,2,1,2,1,1,1,,2,
24/05/2023 10:36,24/05/2023 10:39,0,81.79.0.160,98,193,0,24/05/2023 11:10,R_2UbZ3gjUSfgqeLI,,,,,,,anonymous,EN,4,5f2aba03e8652834d6577992,5,6,,,,,,,1,4,,,,,,,,,,,,,,,,,,,,,,,,,,,,,,,,,1,A1,B1,,4,4,5,4,2,4,4,3,4,2,3,3,4,4,2,2,5,4,2,,3,3.25,5,3.5,3,4,,1,32,5,1,,2,1,3,1,1,1,,4,
24/05/2023 10:36,24/05/2023 10:39,0,31.185.136.25,98,176,0,24/05/2023 11:10,R_2uqg5ylOSvAx9aS,,,,,,,anonymous,EN,4,57b28526f6b9390001af1edd,5,,,,,,,,,,,,,,,,,,,,,4,2,,4,,,,,,,,,,,,,,,,,,3,A1,B2,,4,5,3,3,2,4,4,3,3,3,5,3,3,4,2,4,3,4,4,,3.333333333,4.5,3,3,3,3.5,,2,41,4,1,,2,2,2,1,2,1,,1,
24/05/2023 10:36,24/05/2023 10:41,0,86.19.27.206,98,299,0,24/05/2023 11:10,R_31H3KKJPeIn40ds,,,,,,,anonymous,EN,4,60d65a2e6e744e4596cba461,5,,,,,,,,,,,,,,,,,,,,,4,2,,4,,,,,,,,,,,,,,,,,,3,A1,B2,,4,5,4,4,2,4,4,4,4,2,2,4,4,4,2,4,4,4,4,,3.333333333,3.75,4,4,3.333333333,4,,1,25,3,1,,4,1,2,1,2,1,,1,
24/05/2023 10:36,24/05/2023 10:39,0,81.77.126.42,98,170,0,24/05/2023 11:10,R_3iIvqQZSE24HlOz,,,,,,,anonymous,EN,4,5bfd6f9d7f7968000187f356,5,,,,,,,,,,,,,,,,,,,,,,,,,,,,,,,6,,,,,,,1,4,,,4,A2,B2,,3,4,4,1,1,3,3,2,2,4,5,2,3,2,4,2,5,3,2,,3.166666667,3.5,4.5,1.5,2,2,,1,36,3,1,,4,1,3,2,,,,4,
24/05/2023 10:36,24/05/2023 10:40,0,82.29.33.195,98,244,0,24/05/2023 11:10,R_2q8lTZ89gMz3nGj,,,,,,,anonymous,EN,4,60c21bb3c45054e2d324fb54,5,,,,,,,,,,,,,,,,,,,,,4,1,7,,,,,,,,,,,,,,,,,,,3,A1,B2,,4,5,5,4,2,4,3,4,4,2,4,4,4,4,2,3,5,4,4,,3.333333333,3.75,5,4,3.333333333,4,,1,53,4,1,,3,2,1,1,1,1,,1,
24/05/2023 10:36,24/05/2023 10:40,0,147.12.151.68,98,237,0,24/05/2023 11:10,R_2OU50tmsaD6OlBL,,,,,,,anonymous,EN,4,61644fe8ba697988f2136db9,5,4,2,,4,,,,,,,,,,,,,,,,,,,,,,,,,,,,,,,,,,,,,,1,A1,B1,,4,2,5,3,3,3,4,3,3,3,4,4,2,2,4,3,4,2,3,,3.166666667,3.25,4.5,3,3,2.5,,1,50,4,1,,2,3,2,2,,,,2,
24/05/2023 10:36,24/05/2023 10:40,0,90.199.25.69,98,247,0,24/05/2023 11:10,R_1LAqLZsyjtAyyls,,,,,,,anonymous,EN,4,5e67f9a00785170a0fc039b2,5,5,,,,1,4,,,,,,,,,,,,,,,,,,,,,,,,,,,,,,,,,,,,1,A1,B1,,4,5,2,4,2,4,4,4,4,2,5,4,3,4,2,4,2,5,5,,3.333333333,4.5,2,4,3.666666667,4,,1,45,4,1,,1,2,3,2,,,,4,
24/05/2023 10:36,24/05/2023 10:39,0,2.127.110.182,98,229,0,24/05/2023 11:10,R_2c8GADu0Oq04s4L,,,,,,,anonymous,EN,4,60a570225b073d046324f34f,5,,,,,,,,,,,,,,,,,,,,,,,,,,,,,,,4,2,,4,,,,,,,,4,A2,B2,,2,1,3,4,2,4,4,3,4,2,1,2,2,4,2,4,3,4,5,,2.833333333,2.5,3,3.5,2.666666667,4,,1,31,4,1,,2,1,2,1,1,1,,2,
16/05/2023 16:55,16/05/2023 17:01,0,146.169.174.82,100,356,1,16/05/2023 17:01,R_qLrS52f9zS3aYBX,,,,,51.4957,-0.1772,anonymous,EN,4,,5,,,,,,,,,,,4,1,4,,,,,,,,,,,,,,,,,,,,,,,,,,,,,2,A2,B1,,4,5,1,4,2,5,4,3,4,2,5,4,2,4,2,2,1,3,5,,3.333333333,4,1,3.5,3,4,,2,22,4,"1,6",,4,2,3,1,3,1,,4,"No, it was clear"
17/05/2023 02:14,17/05/2023 02:18,0,140.228.56.109,100,237,1,17/05/2023 02:18,R_2fH9CcEuPDnUY3X,,,,,51.5026,-0.066,anonymous,EN,4,,5,,,,,,,,,,,4,1,4,,,,,,,,,,,,,,,,,,,,,,,,,,,,,2,A2,B1,,5,6,4,4,2,5,5,3,4,2,5,4,4,4,2,4,4,4,4,,3.666666667,5,4,3.5,3.333333333,4,,2,23,4,"1,2",,3,3,3,2,,,,4,
17/05/2023 15:11,17/05/2023 15:16,0,86.53.241.179,100,298,1,17/05/2023 15:16,R_3vHQxA4MYdPcbK1,,,,,51.4964,-0.1224,anonymous,EN,4,,5,,,,,,,,,,,,,,,,,,,,,4,2,,4,,,,,,,,,,,,,,,,,,3,A1,B2,,4,4,3,2,2,3,4,3,5,1,6,4,3,4,2,2,2,3,3,,2.666666667,4,2.5,2.5,3,4.5,,1,23,4,"1,2",,4,2,1,1,3,4,,4,
19/05/2023 05:25,19/05/2023 05:30,0,31.205.95.37,100,305,1,19/05/2023 05:30,R_r91ASmPv0bX3E4N,,,,,51.5095,-0.0955,anonymous,EN,4,,5,,,,,,,,,,,,,,,,,,,,,4,1,7,,,,,,,,,,,,,,,,,,,3,A1,B2,,4,4,5,3,3,4,4,3,3,3,4,4,3,4,2,2,4,3,4,,3.333333333,3.5,4.5,3,3.333333333,3.5,,2,21,4,6,,3,2,3,1,3,1,,4,
19/05/2023 13:57,19/05/2023 14:11,0,92.40.205.50,100,821,1,19/05/2023 14:11,R_AmkqWuwxP8w6fOp,,,,,51.4534,-2.5077,anonymous,EN,4,,5,,,,,,,,,,,4,2,,4,,,,,,,,,,,,,,,,,,,,,,,,,,,,2,A2,B1,,3,5,3,3,4,4,4,3,3,3,5,4,4,4,2,4,3,3,4,,3.333333333,4.5,3,3,3.666666667,3.5,,1,22,4,1,,3,3,3,1,1,2,,4,
20/05/2023 11:04,20/05/2023 11:08,0,86.53.241.179,100,203,1,20/05/2023 11:08,R_SVqV2Zr8vSifSFj,,,,,51.4964,-0.1224,anonymous,EN,4,,5,,,,,,,,,,,,,,,,,,,,,,,,,,,,,,,6,,,,,,,1,4,,,4,A2,B2,,4,4,4,3,3,3,3,3,3,3,5,4,5,4,2,3,4,3,4,,3.5,3.75,4,3,3.333333333,3.5,,1,22,4,"1,2",,4,2,1,1,2,2,,4,
21/05/2023 06:44,21/05/2023 06:50,0,167.98.216.130,100,355,1,21/05/2023 06:50,R_3dXmmvM0rCKvsFD,,,,,52.4064,-1.5082,anonymous,EN,4,,5,4,1,4,,,,,,,,,,,,,,,,,,,,,,,,,,,,,,,,,,,,,,,1,A1,B1,,1,1,2,1,4,1,3,2,2,4,1,2,3,3,3,4,5,1,2,,2.333333333,2.25,3.5,1.5,2.333333333,2.5,,2,23,4,"1,2",,2,3,2,1,1,1,,4,
21/05/2023 10:04,21/05/2023 10:09,0,106.64.160.45,100,306,1,21/05/2023 10:09,R_22rhFppTbUcAoBL,,,,,24.9466,121.586,anonymous,EN,4,,5,,,,,,,,,,,5,,,,1,4,,,,,,,,,,,,,,,,,,,,,,,,,,2,A2,B1,,4,5,4,3,2,4,4,3,4,2,4,3,3,3,3,4,4,5,4,,3.333333333,4.25,4,3,3.333333333,3.5,,1,21,4,"1,2,7",,4,2,3,1,4,2,,2,
23/05/2023 07:00,23/05/2023 09:38,0,146.169.184.157,100,9487,1,23/05/2023 09:38,R_295tEHI4niOB7EV,,,,,51.5466,-0.1232,anonymous,EN,4,,5,4,1,4,,,,,,,,,,,,,,,,,,,,,,,,,,,,,,,,,,,,,,,1,A1,B1,,5,5,4,4,2,4,4,6,4,2,4,4,4,4,2,4,4,4,4,,3.5,4.25,4,5,3.333333333,4,,2,22,4,"1,2",,3,2,3,2,,,,4,
24/05/2023 13:48,24/05/2023 13:59,0,148.252.132.121,100,674,1,24/05/2023 13:59,R_DUYr03U53CqGk9P,,,,,55.9552,-3.2,anonymous,EN,4,,5,,,,,,,,,,,,,,,,,,,,,4,1,7,,,,,,,,,,,,,,,,,,,3,A1,B2,,5,5,3,2,1,5,5,2,4,2,5,2,5,4,2,5,2,4,4,,3.833333333,5,2.5,2,2.333333333,4,,1,23,4,"1,2,7",,4,2,3,2,,,,4,I think AI with a voice assistant makes it difficult to explore a lot of options. Skim reading on chatgpt is easy but with a voice assistant it might be too slow
25/05/2023 12:34,25/05/2023 12:39,0,92.40.217.225,100,321,1,25/05/2023 12:39,R_1mLsWr1ISDHzyLO,,,,,51.5026,-0.066,anonymous,EN,4,,5,,,,,,,,,,,,,,,,,,,,,,,,,,,,,,,4,1,4,,,,,,,,,4,A2,B2,,2,5,5,3,2,4,3,4,2,4,1,2,4,2,4,1,5,5,5,,3.833333333,2.5,5,3.5,3,2,,1,22,4,"1,2,7",,2,2,1,1,1,1,,1,The prompts were very interesting and is something that a typical Alexa would not say.
26/05/2023 10:21,26/05/2023 10:26,0,88.98.205.221,100,267,1,26/05/2023 10:26,R_1mt908fcPTv9VtA,,,,,51.5026,-0.066,anonymous,EN,4,,5,,,,,,,,,,,,,,,,,,,,,,,,,,,,,,,4,2,,4,,,,,,,,4,A2,B2,,2,3,4,4,2,4,3,3,4,2,4,4,2,5,1,2,5,4,4,,2.5,3,4.5,3.5,3.333333333,4.5,,1,25,4,"1,2",,3,3,2,1,1,3,,1,
26/05/2023 10:27,26/05/2023 10:31,0,176.252.240.153,100,263,1,26/05/2023 10:31,R_efAbCuiCbeKFaEh,,,,,51.4828,-0.1371,anonymous,EN,4,,5,,,,,,,,,,,4,2,,4,,,,,,,,,,,,,,,,,,,,,,,,,,,,2,A2,B1,,3,3,5,3,3,4,4,3,2,4,3,3,5,2,4,2,5,2,2,,3.666666667,3,5,3,2.666666667,2,,2,22,4,"1,7",,2,1,3,1,3,1,,4,
26/05/2023 10:32,26/05/2023 10:38,0,83.167.164.40,100,372,1,26/05/2023 10:38,R_31yeZaudbV6EA1J,,,,,52.2365,-1.6285,anonymous,EN,4,,5,4,1,4,,,,,,,,,,,,,,,,,,,,,,,,,,,,,,,,,,,,,,,1,A1,B1,,4,4,5,3,1,4,4,3,3,3,5,4,5,4,2,2,5,4,4,,3.666666667,3.75,5,3,3,3.5,,1,22,5,"1,2",,2,1,1,1,1,1,,2,
